{
  "title": "Mit Plattformen zurechtkommen",
  "displayTitle": "Mit Plattformen zurechtkommen",
  "_latestTrackingId": 10,
  "_learningOutcomes": [
    {
      "outcome": "List a number of open data platforms to explore data",
      "credits": 5,
      "badge": "practitioner"
    },
    {
      "outcome": "Understand the benefits and drawbacks of publishing data on different open data platforms",
      "credits": 10,
      "badge": "practitioner"
    }
  ],
  "_resources": [
    {
      "title": "Module",
      "description": "Wechseln Sie zu einem anderen Modul",
      "_filterButtons": {
        "all": "All",
        "document": "PDF",
        "media": "Media",
        "link": "Link"
      },
      "_resourcesItems": [
        {
          "_type": "link",
          "_local": "true",
          "title": "Main menu",
          "description": "Hauptmenü",
          "_link": "../"
        },
        {
          "_type": "link",
          "_local": "true",
          "title": "Module 1",
          "description": "Was sind offene Daten?",
          "_link": "../module1/"
        },
        {
          "_type": "link",
          "_local": "true",
          "title": "Module 2",
          "description": "Wertschöpfung durch Open Data",
          "_link": "../module2/"
        },
        {
          "_type": "link",
          "_local": "true",
          "title": "Module 3",
          "description": "Open Data als Change Agent",
          "_link": "../module3/"
        },
        {
          "_type": "link",
          "_local": "true",
          "title": "Module 4",
          "description": "Warum brauchen wir Lizenzen?",
          "_link": "../module4/"
        },
        {
          "_type": "link",
          "_local": "true",
          "title": "Module 5",
          "description": "Was zeichnet qualitative Open Data aus?",
          "_link": "../module5/"
        },
        {
          "_type": "link",
          "_local": "true",
          "title": "Module 6",
          "description": "Den Erfolg von Open Data Initiativen messen",
          "_link": "../module6/"
        },
        {
          "_type": "link",
          "_local": "true",
          "title": "Module 7",
          "description": "Warum sollten wir uns Gedanken über Nachhaltigkeit machen?",
          "_link": "../module7/"
        },
        {
          "_type": "link",
          "_local": "true",
          "title": "Module 8",
          "description": "Mit Plattformen zurechtkommen",
          "_link": "../module8/"
        },
        {
          "_type": "link",
          "_local": "true",
          "title": "Module 9",
          "description": "Wie wählt man das richtige Format für Open Data",
          "_link": "../module9/"
        },
        {
          "_type": "link",
          "_local": "true",
          "title": "Module 10",
          "description": "Wie nützlich sind meine Daten?",
          "_link": "../module10/"
        },
        {
          "_type": "link",
          "_local": "true",
          "title": "Module 11",
          "description": "Wie Sie Ihre Daten bereinigen können",
          "_link": "../module11/"
        },
        {
          "_type": "link",
          "_local": "true",
          "title": "Module 12",
          "description": "Versteckte Daten im Web finden",
          "_link": "../module12/"
        },
        {
          "_type": "link",
          "_local": "true",
          "title": "Module 13",
          "description": "Das ‚Web der Daten‘ verknüpfen",
          "_link": "../module13/"
        },
        {
          "_type": "link",
          "_local": "true",
          "title": "Module 14",
          "description": "Werben um Open Data",
          "_link": "../module14/"
        },
        {
          "_type": "link",
          "_local": "true",
          "title": "Module 15",
          "description": "Veränderungsmanagement in Open Data",
          "_link": "../module15/"
        },
        {
          "_type": "link",
          "_local": "true",
          "title": "Module 16",
          "description": "Positive Effekte mit Open Data erzielen",
          "_link": "../module16/"
        }
      ]
    },
    {
      "title": "Resources",
      "description": "Click here to view resources for this course",
      "_filterButtons": {
        "all": "All",
        "document": "PDF",
        "media": "Media",
        "link": "Link"
      },
      "_resourcesItems": [
        {
          "_type": "link",
          "title": "Enigma.io",
          "description": "Take me to Enigma.io",
          "_link": "http://www.enigma.io"
        },
        {
          "_type": "link",
          "title": "CKAN Amsterdam",
          "description": "Take me CKAN Amsterdam",
          "_link": "http://data.amsterdam.nl/"
        },
        {
          "_type": "link",
          "title": "CKAN Tanzania",
          "description": "Take me CKAN Tanzania",
          "_link": "http://opendata.go.tz/"
        },
        {
          "_type": "link",
          "title": "CKAN Berlin",
          "description": "Take me CKAN Berlin",
          "_link": "http://daten.berlin.de/"
        },
        {
          "_type": "link",
          "title": "CKAN Copenhagen",
          "description": "Take me CKAN Copenhagen",
          "_link": "http://data.kk.dk/"
        },
        {
          "_type": "link",
          "title": "Socrata Lombardy",
          "description": "Take me Socrata Lombardy",
          "_link": "https://www.dati.lombardia.it/"
        },
        {
          "_type": "link",
          "title": "ODS Issy",
          "description": "Take me to ODS Issy",
          "_link": "https://data.issy.com/"
        },
        {
          "_type": "link",
          "title": "OpenDataMonitor",
          "description": "Take me to OpenDataMonitor",
          "_link": "http://www.opendatamonitor.eu/frontend/web/index.php?r=datacatalogue%2Flist"
        }
      ]
    },
    {
      "title": "Image credits",
      "description": "Click here to view image credits for this module",
      "_filterButtons": {
        "all": "All",
        "document": "PDF",
        "media": "Media",
        "link": "Link"
      },
      "_resourcesItems": [
        {
          "_type": "link",
          "title": "What is an open data platform?",
          "description": "Source: Shutterstock<br/>Credit: Laralova<br/>Licence: Shutterstock standard licence",
          "_link": "http://www.shutterstock.com/pic.mhtml?id=103013084&src=id"
        },
        {
          "_type": "link",
          "title": "Discovery",
          "description": "Source: Flickr<br/>Credit: mjtmail (tiggy)<br/>Licence: CC-BY 2.0",
          "_link": "https://www.flickr.com/photos/mjtmail/3008566512"
        },
        {
          "_type": "link",
          "title": "Consistency",
          "description": "Source: Shutterstock<br/>Credit: April Cat<br/>Licence: Shutterstock standard license",
          "_link": "http://www.shutterstock.com/pic.mhtml?id=200818673&src=lb-36497927"
        },
        {
          "_type": "link",
          "title": "Access granted",
          "description": "Source: Shutterstock<br/>Credit: Kirill_m<br/>Licence: Shutterstock standard licence",
          "_link": "http://www.shutterstock.com/pic.mhtml?id=154822901&src=id"
        },
        {
          "_type": "link",
          "title": "Approaches",
          "description": "Source: Shutterstock<br/>Credit: Nicotombo<br/>Licence: Shutterstock standard licence",
          "_link": "http://www.shutterstock.com/pic.mhtml?id=277792007&src=id"
        },
        {
          "_type": "link",
          "title": "Open data platforms across Europe",
          "description": "Source: Shutterstock<br/>Credit: koyacsf<br/>Licence: Shutterstock standard licence",
          "_link": "http://www.shutterstock.com/pic.mhtml?id=117748444&src=id"
        },
        {
          "_type": "link",
          "title": "What do open data platforms help with?",
          "description": "Source: Shutterstock<br/>Credit: dencg<br/>Licence: Shutterstock standard licence",
          "_link": "http://www.shutterstock.com/pic-241493050/"
        },
        {
          "_type": "link",
          "title": "Summary icon clipboard",
          "description": "Source: Shutterstock<br/>Credit: Kritchanut<br/>Licence: Shutterstock Standard License",
          "_link": "http://www.shutterstock.com/pic-189810137.html"
        },
        {
          "_type": "link",
          "title": "Open data institute logo",
          "description": "Source: The Open Data Institute<br/>Credit: The Open Data Institute<br/>Licence: All rights reserved",
          "_link": "http://theodi.org"
        },
        {
          "_type": "link",
          "title": "Your World - Delicate Beats",
          "description": "Source: Premium Beat<br/>Credit: leromin<br/>Licence: Premium Beat Standard License",
          "_link": "http://www.premiumbeat.com/royalty_free_music/songs/your-world"
        }
      ]
    },
    {
      "title": "Open data",
      "description": "Download and use module content",
      "_filterButtons": {
        "all": "All",
        "document": "PDF",
        "media": "Media",
        "link": "Link"
      },
      "_resourcesItems": [
        {
          "_type": "link",
          "title": "<div align='center'><img class='download-image' src='adapt/css/assets/download.png'><p class='downloadp'>Download menu data</p></div>",
          "description": "",
          "_link": "course/en/components.json"
        },
        {
          "_type": "link",
          "title": "<div align='center'><img class='download-image' src='adapt/css/assets/download.png'><p class='downloadp'>Download sidebar data</p></div>",
          "description": "",
          "_link": "course/en/course.json"
        },
        {
          "_type": "link",
          "title": "<div align='center'><img class='download-image' src='adapt/css/assets/download.png'><p class='downloadp'>Download scorm object</p></div>",
          "description": "",
          "_link": "course/en/data/scorm.zip"
        },
        {
          "_type": "link",
          "title": "<div align='center'><img class='download-image' src='adapt/css/assets/download.png'><p class='downloadp'>Download transcripts</p></div>",
          "description": "",
          "_link": "course/en/data/transcripts.zip"
        },
        {
          "_type": "link",
          "title": "Open data certificate",
          "description": "<span class='open-data-certificate'><img alt='Badge' src='adapt/css/assets/badge.png'/><ul class='open-data-certificate-details'> <li> <span>Open: ODI eLearning Data</span> </li> <li> <span>Pilot Open Data Certificate (final)</span> </li> <li> <span>Active - self certified</span> </li> </ul> </span>",
          "_link": "https://certificates.theodi.org/datasets/25215/certificate"
        },
        {
          "_type": "link",
          "title": "Open licence",
          "description": "<div align='center'><img alt='Creative Commons Licence' style='border-width:0' src='https://i.creativecommons.org/l/by-sa/4.0/88x31.png' /></div><br />&quot;<span xmlns:dct='http://purl.org/dc/terms/' property='dct:title'>Getting to grips with platforms</span>&quot; by <span xmlns:cc='http://creativecommons.org/ns# property='cc:attributionName'>European Commission</span> is licensed under a Creative Commons Attribution-ShareAlike 4.0 International License.",
          "_link": "http://creativecommons.org/licenses/by-sa/4.0/"
        },
        {
          "title": "Content usage",
          "description": "The content, including text and structure is available for you to <em>use</em>, <em>reuse</em> and <em>share</em> (including for commercial purposes) subject to the conditions of the license above."
        },
        {
          "title": "Exclusions",
          "description": "This license does not cover: <ul><li>Logos and trade marks belonging to the European Commission or Open Data Institute</li><li>Third party content (such as images)</li></ul>"
        },
        {
          "title": "Non-endorsement",
          "description": "This licence does not grant you any right to use the Information in a way that suggests any official status or that the Information Provider and/or Licensor endorse you or your use of the Information."
        },
        {
          "title": "No warranty",
          "description": "The Information is licensed 'as is'. The European Commission is not liable for any errors or omissions in the Information and shall not be liable for any loss, injury or damage of any kind caused by its use. The Information Provider does not guarantee the continued supply of the Information."
        }
      ]
    },
    {
      "title": "About",
      "description": "Discover how this learning was created",
      "_filterButtons": {
        "all": "All",
        "document": "PDF",
        "media": "Media",
        "link": "Link"
      },
      "_resourcesItems": [
        {
          "_type": "link",
          "title": "ODI Training Team",
          "description": "<div align='center'><img alt='ODI' style='border-width:0' src='adapt/css/assets/odi-logo.png' /></div><br />Expert knowledge, content development and learning plans provided by the by <span xmlns:cc='http://creativecommons.org/ns# property='cc:attributionName'>Open Data Institute</span> training team.",
          "_link": "http://theodi.org/training_team"
        },
        {
          "_type": "link",
          "title": "European Data Portal",
          "description": "<div align='center'><img alt='EDP' style='border-width:0; max-height: 150px;' src='adapt/css/assets/edp.png' /></div><br />Funding for module development and implementation provided by the <span xmlns:cc='http://creativecommons.org/ns# property='cc:attributionName'>European Data Portal</span>.",
          "_link": "http://www.europeandataportal.eu/"
        },
        {
          "_type": "link",
          "title": "Sponge UK",
          "description": "<div align='center'><img alt='Sponge UK' style='border-width:0' src='adapt/css/assets/sponge.png' /></div><br />Learning solutions, content production and eLearning expertise provided by <span xmlns:cc='http://creativecommons.org/ns# property='cc:attributionName'>Sponge UK</span>.",
          "_link": "http://www.spongeuk.com"
        },
        {
          "_type": "link",
          "title": "Adapt learning",
          "description": "<div align='center'><img alt='Adapt learning' style='border-width:0' src='adapt/css/assets/adapt.png' /></div><br />Open source learning platform developed by <span xmlns:cc='http://creativecommons.org/ns# property='cc:attributionName'>Adapt learning</span>.",
          "_link": "https://community.adaptlearning.org/"
        }
      ]
    }
  ],
  "_id": "course",
  "_type": "course",
  "_buttons": {
    "submit": "Absenden",
    "reset": "Reset",
    "showCorrectAnswer": "Model Answer",
    "hideCorrectAnswer": "My Answer"
  }
}