{
  "title": "Kodėl turime užtikrinti duomenų tvarumą",
  "displayTitle": "Kodėl turime užtikrinti duomenų tvarumą",
  "_latestTrackingId": 9,
  "_learningOutcomes": [
    {
      "outcome": "Atvirų duomenų rinkinio tvarumo įvertinimas",
      "credits": 10,
      "badge": "strategist"
    }
  ],
  "_resources": [
    {
      "title": "Moduliai",
      "description": "Kitas modulis",
      "_filterButtons": {
        "all": "All",
        "document": "PDF",
        "media": "Media",
        "link": "Link"
      },
      "_resourcesItems": [
        {
          "_type": "link",
          "_local": "true",
          "title": "Pagridinis meniu",
          "description": "Pagridinis meniu",
          "_link": "../"
        },
        {
          "_type": "link",
          "_local": "true",
          "title": "Modulis 1",
          "description": "Kas yra atviri duomenys?",
          "_link": "../module1/"
        },
        {
          "_type": "link",
          "_local": "true",
          "title": "Modulis 2",
          "description": "Atvirų duomenų potencialas",
          "_link": "../module2/"
        },
        {
          "_type": "link",
          "_local": "true",
          "title": "Modulis 3",
          "description": "Atviri duomenys: priemonė pokyčiui",
          "_link": "../module3/"
        },
        {
          "_type": "link",
          "_local": "true",
          "title": "Modulis 4",
          "description": "Kodėl reikia licencijų?",
          "_link": "../module4/"
        },
        {
          "_type": "link",
          "_local": "true",
          "title": "Modulis 5",
          "description": "Kas lemia atvirų duomenų kokybę?",
          "_link": "../module5/"
        },
        {
          "_type": "link",
          "_local": "true",
          "title": "Modulis 6",
          "description": "Atvirų duomenų sėkmės vertinimas",
          "_link": "../module6/"
        },
        {
          "_type": "link",
          "_local": "true",
          "title": "Modulis 7",
          "description": "Kodėl turime užtikrinti duomenų tvarumą?",
          "_link": "../module7/"
        },
        {
          "_type": "link",
          "_local": "true",
          "title": "Modulis 8",
          "description": "Kaip suprasti platformas",
          "_link": "../module8/"
        },
        {
          "_type": "link",
          "_local": "true",
          "title": "Modulis 9",
          "description": "Teisingo formato parinkimas",
          "_link": "../module9/"
        },
        {
          "_type": "link",
          "_local": "true",
          "title": "Modulis 10",
          "description": "Ar naudingi mano duomenys?",
          "_link": "../module10/"
        },
        {
          "_type": "link",
          "_local": "true",
          "title": "Modulis 11",
          "description": "Kaip paruošti duomenis",
          "_link": "../module11/"
        },
        {
          "_type": "link",
          "_local": "true",
          "title": "Modulis 12",
          "description": "Paslėptų duomenų radimas internete",
          "_link": "../module12/"
        },
        {
          "_type": "link",
          "_local": "true",
          "title": "Modulis 13",
          "description": "Duomenų tinklo susiejimas",
          "_link": "../module13/"
        },
        {
          "_type": "link",
          "_local": "true",
          "title": "Modulis 14",
          "description": "Skatinimas naudoti atvirus duomenis",
          "_link": "../module14/"
        },
        {
          "_type": "link",
          "_local": "true",
          "title": "Modulis 15",
          "description": "Atvirų duomenų pokyčių valdymas",
          "_link": "../module15/"
        },
        {
          "_type": "link",
          "_local": "true",
          "title": "Modulis 16",
          "description": "Atvirų duomenų poveikis",
          "_link": "../module16/"
        }
      ]
    },
    {
      "title": "Šaltiniai",
      "description": "peržiūrėti papildomus modulių šaltinius",
      "_filterButtons": {
        "all": "All",
        "document": "PDF",
        "media": "Media",
        "link": "Link"
      },
      "_resourcesItems": [
        {
          "_type": "link",
          "title": "Citymapper Berlin",
          "description": "Nuoroda į Citymapper Berlin",
          "_link": "https://citymapper.com/berlin"
        }
      ]
    },
    {
      "title": "Credits",
      "description": "Licencijuoto turinio nuorodos",
      "_filterButtons": {
        "all": "All",
        "document": "PDF",
        "media": "Media",
        "link": "Link"
      },
      "_resourcesItems": [
        {
          "_type": "link",
          "title": "Sustainable open data",
          "description": "Source: Shutterstock<br/>Credit: Tarchyshnik Andrei<br/>Licence: Shutterstock Standard License",
          "_link": "http://www.shutterstock.com/pic.mhtml?id=199444121&src=id"
        },
        {
          "_type": "link",
          "title": "Secure funding",
          "description": "Source: Shutterstock<br/>Credit: Jiunn<br/>Licence: Shutterstock Standard License",
          "_link": "http://www.shutterstock.com/pic.mhtml?id=272132873&src=id"
        },
        {
          "_type": "link",
          "title": "Active support",
          "description": "Source: Shutterstock<br/>Credit: GiDesign<br/>Licence: Shutterstock Standard License",
          "_link": "http://www.shutterstock.com/pic.mhtml?id=239488546&src=id"
        },
        {
          "_type": "link",
          "title": "Wide reuse",
          "description": "Source: Shutterstock<br/>Credit: graphego<br/>Licence: Shutterstock Standard License",
          "_link": "http://www.shutterstock.com/pic-144050605"
        },
        {
          "_type": "link",
          "title": "Solid foundations",
          "description": "Source: Shutterstock<br/>Credit: Saibarakova Ilona<br/>Licence: Shutterstock Standard License",
          "_link": "http://www.shutterstock.com/pic.mhtml?id=271074140&src=id"
        },
        {
          "_type": "link",
          "title": "Enhances trust",
          "description": "Source: Shutterstock<br/>Credit: Arthimedes<br/>Licence: Shutterstock Standard License",
          "_link": "http://www.shutterstock.com/pic.mhtml?id=246120358&src=lb-36497927"
        },
        {
          "_type": "link",
          "title": "Builds business connections",
          "description": "Source: Shutterstock<br/>Credit: Palau<br/>Licence: Shutterstock Standard License",
          "_link": "http://www.shutterstock.com/pic.mhtml?id=119824141&src=id"
        },
        {
          "_type": "link",
          "title": "Improves data usability",
          "description": "Source: Shutterstock<br/>Credit: LovArt<br/>Licence: Shutterstock Standard License",
          "_link": "http://www.shutterstock.com/pic.mhtml?id=165242216&src=id"
        },
        {
          "_type": "link",
          "title": "Looking for clues",
          "description": "Source: Shutterstock<br/>Credit: robuart<br/>Licence: Shutterstock Standard License",
          "_link": "http://www.shutterstock.com/pic-217749400"
        },
        {
          "_type": "link",
          "title": "Large filesize",
          "description": "Source: Flickr<br/>Credit: Dave Matos<br/>Licence: CC BY-SA 2.0",
          "_link": "https://farm3.staticflickr.com/2712/4485684994_b92ca0b0b3_b.jpg"
        },
        {
          "_type": "link",
          "title": "Summary icon clipboard",
          "description": "Source: Shutterstock<br/>Credit: Kritchanut<br/>Licence: Shutterstock Standard License",
          "_link": "http://www.shutterstock.com/pic-189810137.html"
        },
        {
          "_type": "link",
          "title": "Your World - Delicate Beats",
          "description": "Source: Premium Beat<br/>Credit: leromin<br/>Licence: Premium Beat Standard License",
          "_link": "http://www.premiumbeat.com/royalty_free_music/songs/your-world"
        }
      ]
    },
    {
      "title": "Atviri duomenys",
      "description": "Modulio turinys parsisiuntimui",
      "_filterButtons": {
        "all": "All",
        "document": "PDF",
        "media": "Media",
        "link": "Link"
      },
      "_resourcesItems": [
        {
          "_type": "link",
          "title": "<div align='center'><img class='download-image' src='adapt/css/assets/download.png'><p class='downloadp'>Download menu data</p></div>",
          "description": "",
          "_link": "course/en/components.json"
        },
        {
          "_type": "link",
          "title": "<div align='center'><img class='download-image' src='adapt/css/assets/download.png'><p class='downloadp'>Download sidebar data</p></div>",
          "description": "",
          "_link": "course/en/course.json"
        },
        {
          "_type": "link",
          "title": "<div align='center'><img class='download-image' src='adapt/css/assets/download.png'><p class='downloadp'>Download scorm object</p></div>",
          "description": "",
          "_link": "course/en/data/scorm.zip"
        },
        {
          "_type": "link",
          "title": "<div align='center'><img class='download-image' src='adapt/css/assets/download.png'><p class='downloadp'>Download transcripts</p></div>",
          "description": "",
          "_link": "course/en/data/transcripts.zip"
        },
        {
          "_type": "link",
          "title": "Open data certificate",
          "description": "<span class='open-data-certificate'><img alt='Badge' src='adapt/css/assets/badge.png'/><ul class='open-data-certificate-details'> <li> <span>Open: ODI eLearning Data</span> </li> <li> <span>Pilot Open Data Certificate (final)</span> </li> <li> <span>Active - self certified</span> </li> </ul> </span>",
          "_link": "https://certificates.theodi.org/datasets/25215/certificate"
        },
        {
          "_type": "link",
          "title": "Open licence",
          "description": "<div align='center'><img alt='Creative Commons Licence' style='border-width:0' src='https://i.creativecommons.org/l/by-sa/4.0/88x31.png' /></div><br />&quot;<span xmlns:dct='http://purl.org/dc/terms/' property='dct:title'>Why should we worry about sustainability?</span>&quot; by <span xmlns:cc='http://creativecommons.org/ns# property='cc:attributionName'>European Commission</span> is licensed under a Creative Commons Attribution-ShareAlike 4.0 International License.",
          "_link": "http://creativecommons.org/licenses/by-sa/4.0/"
        },
        {
          "title": "Content usage",
          "description": "The content, including text and structure is available for you to <em>use</em>, <em>reuse</em> and <em>share</em> (including for commercial purposes) subject to the conditions of the license above."
        },
        {
          "title": "Exclusions",
          "description": "This license does not cover: <ul><li>Logos and trade marks belonging to the European Commission or Open Data Institute</li><li>Third party content (such as images)</li></ul>"
        },
        {
          "title": "Non-endorsement",
          "description": "This licence does not grant you any right to use the Information in a way that suggests any official status or that the Information Provider and/or Licensor endorse you or your use of the Information."
        },
        {
          "title": "No warranty",
          "description": "The Information is licensed 'as is'. The European Commission is not liable for any errors or omissions in the Information and shall not be liable for any loss, injury or damage of any kind caused by its use. The Information Provider does not guarantee the continued supply of the Information."
        }
      ]
    },
    {
      "title": "Apie",
      "description": "Kaip buvo sukurtas modulis",
      "_filterButtons": {
        "all": "All",
        "document": "PDF",
        "media": "Media",
        "link": "Link"
      },
      "_resourcesItems": [
        {
          "_type": "link",
          "title": "ODI Training Team",
          "description": "<div align='center'><img alt='ODI' style='border-width:0' src='adapt/css/assets/odi-logo.png' /></div><br />Expert knowledge, content development and learning plans provided by the by <span xmlns:cc='http://creativecommons.org/ns# property='cc:attributionName'>Open Data Institute</span> training team.",
          "_link": "http://theodi.org/training_team"
        },
        {
          "_type": "link",
          "title": "European Data Portal",
          "description": "<div align='center'><img alt='EDP' style='border-width:0; max-height: 150px;' src='adapt/css/assets/edp.png' /></div><br />Funding for module development and implementation provided by the <span xmlns:cc='http://creativecommons.org/ns# property='cc:attributionName'>European Data Portal</span>.",
          "_link": "http://www.europeandataportal.eu/"
        },
        {
          "_type": "link",
          "title": "Sponge UK",
          "description": "<div align='center'><img alt='Sponge UK' style='border-width:0' src='adapt/css/assets/sponge.png' /></div><br />Learning solutions, content production and eLearning expertise provided by <span xmlns:cc='http://creativecommons.org/ns# property='cc:attributionName'>Sponge UK</span>.",
          "_link": "http://www.spongeuk.com"
        },
        {
          "_type": "link",
          "title": "Adapt learning",
          "description": "<div align='center'><img alt='Adapt learning' style='border-width:0' src='adapt/css/assets/adapt.png' /></div><br />Open source learning platform developed by <span xmlns:cc='http://creativecommons.org/ns# property='cc:attributionName'>Adapt learning</span>.",
          "_link": "https://community.adaptlearning.org/"
        }
      ]
    }
  ],
  "_id": "course",
  "_type": "course",
  "_buttons": {
    "submit": "Submit",
    "reset": "Reset",
    "showCorrectAnswer": "Parodyti atsakymą",
    "hideCorrectAnswer": "Mano atsakymas"
  }
}