[
  {
    "_id": "b-01",
    "_parentId": "a-01",
    "_type": "block",
    "_isAvailable": true,
    "_isOptional": false,
    "_trackingId": 1,
    "_classes": "",
    "body": "",
    "displayTitle": "",
    "title": " "
  },
  {
    "_id": "b-02",
    "_parentId": "a-01",
    "_type": "block",
    "_isAvailable": true,
    "_isOptional": false,
    "_trackingId": 2,
    "_classes": "inverted",
    "body": "",
    "displayTitle": " ",
    "title": " "
  },
  {
    "_id": "b-03",
    "_parentId": "a-01",
    "_type": "block",
    "_isAvailable": true,
    "_isOptional": false,
    "_trackingId": 3,
    "_classes": "",
    "body": "",
    "displayTitle": " ",
    "title": " "
  },
  {
    "_id": "b-04",
    "_parentId": "a-01",
    "_type": "block",
    "_isAvailable": true,
    "_isOptional": false,
    "_trackingId": 4,
    "_classes": "inverted",
    "body": "",
    "displayTitle": "",
    "title": " "
  },
  {
    "_id": "b-05",
    "_parentId": "a-01",
    "_type": "block",
    "_isAvailable": true,
    "_isOptional": false,
    "_trackingId": 5,
    "_classes": "",
    "body": "",
    "displayTitle": " ",
    "title": " "
  },
  {
    "_id": "b-06",
    "_parentId": "a-01",
    "_type": "block",
    "_isAvailable": true,
    "_isOptional": false,
    "_trackingId": 6,
    "_classes": "inverted",
    "body": "",
    "displayTitle": "",
    "title": " "
  },
  {
    "_id": "b-07",
    "_parentId": "a-01",
    "_type": "block",
    "_isAvailable": true,
    "_isOptional": false,
    "_trackingId": 7,
    "_classes": "",
    "body": "",
    "displayTitle": "",
    "title": " "
  },
  {
    "_id": "b-08",
    "_parentId": "a-01",
    "_type": "block",
    "_isAvailable": true,
    "_isOptional": false,
    "_trackingId": 8,
    "_classes": "inverted section-banner",
    "body": "",
    "displayTitle": "",
    "title": " "
  },
  {
    "_id": "b-09",
    "_parentId": "a-01",
    "_type": "block",
    "_isAvailable": true,
    "_isOptional": false,
    "_trackingId": 9,
    "_classes": "",
    "body": "",
    "displayTitle": " ",
    "title": " "
  },
  {
    "_id": "b-10",
    "_parentId": "a-01",
    "_type": "block",
    "_isAvailable": true,
    "_isOptional": false,
    "_trackingId": 10,
    "_classes": "inverted",
    "body": "",
    "displayTitle": "",
    "title": " "
  },
  {
    "_id": "b-11",
    "_parentId": "a-01",
    "_type": "block",
    "_isAvailable": true,
    "_isOptional": false,
    "_trackingId": 11,
    "_classes": "",
    "body": "",
    "displayTitle": " ",
    "title": " "
  },
  {
    "_id": "b-12",
    "_parentId": "a-01",
    "_type": "block",
    "_isAvailable": true,
    "_isOptional": false,
    "_trackingId": 12,
    "_classes": "inverted",
    "body": "",
    "displayTitle": "",
    "title": " "
  },
  {
    "_id": "b-13",
    "_parentId": "a-01",
    "_type": "block",
    "_isAvailable": true,
    "_isOptional": false,
    "_trackingId": 13,
    "_classes": "inverted summary",
    "body": "",
    "displayTitle": "",
    "title": " "
  }
]
