{
  "_id": "course",
  "_type": "course",
  "title": "Open data advocacy",
  "displayTitle": "Open data advocacy",
  "format": "eLearning",
  "_buttons": {
    "submit": "Invia",
    "reset": "Reset",
    "showCorrectAnswer": "Modello di risposta",
    "hideCorrectAnswer": "La mia risposta"
  },
  "_latestTrackingId": 13,
  "_learningOutcomes": [],
  "_resources": [
    {
      "title": "moduli",
      "description": "Passa a un altro modulo",
      "_filterButtons": {
        "all": "All",
        "document": "PDF",
        "media": "Media",
        "link": "Link"
      },
      "_resourcesItems": [
        {
          "_type": "link",
          "_local": "true",
          "title": "Main menu",
          "description": "Menu principale",
          "_link": "../"
        },
        {
          "_type": "link",
          "_local": "true",
          "title": "Modulo 1",
          "description": "Cosa sono gli open data?",
          "_link": "../module1/"
        },
        {
          "_type": "link",
          "_local": "true",
          "title": "Modulo 2",
          "description": "Liberare il valore degli open data",
          "_link": "../module2/"
        },
        {
          "_type": "link",
          "_local": "true",
          "title": "Modulo 3",
          "description": "Open data: un agente di cambiamento",
          "_link": "../module3/"
        },
        {
          "_type": "link",
          "_local": "true",
          "title": "Modulo 4",
          "description": "Perché si deve avere assegnare una licenza ai dati?",
          "_link": "../module4/"
        },
        {
          "_type": "link",
          "_local": "true",
          "title": "Modulo 5",
          "description": "La qualità degli open data",
          "_link": "../module5/"
        },
        {
          "_type": "link",
          "_local": "true",
          "title": "Modulo 6",
          "description": "Misurare il successo delle iniziative open data",
          "_link": "../module6/"
        },
        {
          "_type": "link",
          "_local": "true",
          "title": "Modulo 7",
          "description": "Perché dovremmo preoccuparci della sostenibilità?",
          "_link": "../module7/"
        },
        {
          "_type": "link",
          "_local": "true",
          "title": "Modulo 8",
          "description": "Capire le piattaforme open data",
          "_link": "../module8/"
        },
        {
          "_type": "link",
          "_local": "true",
          "title": "Modulo 9",
          "description": "Scegliere il giusto formato per gli open data",
          "_link": "../module9/"
        },
        {
          "_type": "link",
          "_local": "true",
          "title": "Modulo 10",
          "description": "Quanto utili sono i miei dati?",
          "_link": "../module10/"
        },
        {
          "_type": "link",
          "_local": "true",
          "title": "Modulo 11",
          "description": "Come pulire i tuoi dati",
          "_link": "../module11/"
        },
        {
          "_type": "link",
          "_local": "true",
          "title": "Modulo 12",
          "description": "Trovare dati nascosti sul Web",
          "_link": "../module12/"
        },
        {
          "_type": "link",
          "_local": "true",
          "title": "Modulo 13",
          "description": "Creare collegamenti nel web dei dati",
          "_link": "../module13/"
        },
        {
          "_type": "link",
          "_local": "true",
          "title": "Modulo 14",
          "description": "Supportare gli open data",
          "_link": "../module14/"
        },
        {
          "_type": "link",
          "_local": "true",
          "title": "Modulo 15",
          "description": "Gestire il cambiamento degli open data",
          "_link": "../module15/"
        },
        {
          "_type": "link",
          "_local": "true",
          "title": "Modulo 16",
          "description": "Ottenere risultati con gli open data",
          "_link": "../module16/"
        }
      ]
    },
    {
      "title": "Links and resources",
      "description": "View resources for this course",
      "_filterButtons": {
        "all": "All",
        "document": "PDF",
        "media": "Media",
        "link": "Link"
      },
      "_resourcesItems": []
    },
    {
      "title": "Credits and attribution",
      "description": "View attribution for licensed content",
      "_filterButtons": {
        "all": "All",
        "document": "PDF",
        "media": "Media",
        "link": "Link"
      },
      "_resourcesItems": [
        {
          "_type": "link",
          "title": "",
          "description": "Source: Freepik<br/>Credit: D3Images / Freepik<br/>Licence: CC-BY",
          "_link": "http://www.freepik.com"
        },
        {
          "_type": "link",
          "title": "",
          "description": "Source: Freepik<br/>Credit: Photoroyalty - Freepik.com<br/>Licence: CC-BY",
          "_link": "http://www.freepik.com/free-photos-vectors/business"
        },
        {
          "_type": "link",
          "title": "The five components of the perfect open data pitch",
          "description": "Source: Shutterstock<br/>Credit: leromin<br/>Licence: Shutterstock standard licence",
          "_link": "https://www.shutterstock.com/image-vector/3d-illustration-concept-data-179384507?src=lb-35924366"
        },
        {
          "_type": "link",
          "title": "",
          "description": "Source: Freepik<br/>Credit: Oliver Tacke<br/>Licence: CC-BY",
          "_link": "https://www.flickr.com/photos/otacke/12221292503/"
        },
        {
          "_type": "link",
          "title": "Where open data has helped",
          "description": "Source: Shutterstock<br/>Credit: Leone_V<br/>Licence: Shutterstock standard licence",
          "_link": "https://www.shutterstock.com/image-vector/colored-paper-pointers-signs-navigation-mapvector-154597898"
        },
        {
          "_type": "link",
          "title": "Where open data has helped",
          "description": "Source: Freepik<br/>Credit: Freepik<br/>Licence: CC-BY",
          "_link": "http://www.freepik.com/free-photos-vectors/business"
        },
        {
          "_type": "link",
          "title": "Where open data has helped",
          "description": "Source: Freepik<br/>Credit: Photoroyalty - Freepik.com<br/>Licence: CC-BY",
          "_link": "http://www.freepik.com/free-photos-vectors/business"
        },
        {
          "_type": "link",
          "title": "Where open data has helped",
          "description": "Source: Shutterstock<br/>Credit: suarassawadee<br/>Licence: Shutterstock standard licence",
          "_link": "http://www.shutterstock.com/pic-185008832"
        },
        {
          "_type": "link",
          "title": "What are the five elements of the perfect data pitch?",
          "description": "Source: Shutterstock<br/>Credit: leromin<br/>Licence: Shutterstock standard licence",
          "_link": "https://www.shutterstock.com/image-vector/3d-illustration-concept-data-179384507?src=lb-35924366"
        },
        {
          "_type": "link",
          "title": "What next?",
          "description": "Source: Freepik<br/>Credit: D3Images / Freepik<br/>Licence: CC-BY",
          "_link": "http://www.freepik.com"
        },
        {
          "_type": "link",
          "title": "What can open data do?",
          "description": "Source: Freepik<br/>Credit: Freepik<br/>Licence: CC-BY",
          "_link": "http://www.freepik.com/free-photos-vectors/business"
        },
        {
          "_type": "link",
          "title": "Why open data is best",
          "description": "Source: Shutterstock<br/>Credit: Your Design<br/>Licence: Shutterstock standard licence",
          "_link": "http://www.shutterstock.com/pic-201870622.html"
        }
      ]
    },
    {
      "title": "Open data",
      "description": "Download and use module content",
      "_filterButtons": {
        "all": "All",
        "document": "PDF",
        "media": "Media",
        "link": "Link"
      },
      "_resourcesItems": [
        {
          "_type": "link",
          "title": "<div align='center'><img class='download-image' src='adapt/css/assets/download.png'><p class='downloadp'>Download menu data</p></div>",
          "description": "",
          "_link": "course/it/components.json"
        },
        {
          "_type": "link",
          "title": "<div align='center'><img class='download-image' src='adapt/css/assets/download.png'><p class='downloadp'>Download sidebar data</p></div>",
          "description": "",
          "_link": "course/it/course.json"
        },
        {
          "_type": "link",
          "title": "<div align='center'><img class='download-image' src='adapt/css/assets/download.png'><p class='downloadp'>Download scorm object</p></div>",
          "description": "",
          "_link": "course/it/data/scorm.zip"
        },
        {
          "_type": "link",
          "title": "<div align='center'><img class='download-image' src='adapt/css/assets/download.png'><p class='downloadp'>Download transcripts</p></div>",
          "description": "",
          "_link": "course/it/data/transcripts.zip"
        },
        {
          "_type": "link",
          "title": "Open data certificate",
          "description": "<span class='open-data-certificate'><img alt='Badge' src='adapt/css/assets/badge.png'/><ul class='open-data-certificate-details'> <li> <span>Open: ODI eLearning Data</span> </li> <li> <span>Pilot Open Data Certificate (final)</span> </li> <li> <span>Active - self certified</span> </li> </ul> </span>",
          "_link": "https://certificates.theodi.org/datasets/25215/certificate"
        },
        {
          "_type": "link",
          "title": "Open licence",
          "description": "<div align='center'><img alt='Creative Commons Licence' style='border-width:0' src='https://i.creativecommons.org/l/by-sa/4.0/88x31.png' /></div><br />&quot;<span xmlns:dct='http://purl.org/dc/terms/' property='dct:title'>Open data advocacy</span>&quot; by <span xmlns:cc='http://creativecommons.org/ns# property='cc:attributionName'>Open Data Institute</span> is licensed under a Creative Commons Attribution-ShareAlike 4.0 International License.",
          "_link": "http://creativecommons.org/licenses/by-sa/4.0/"
        },
        {
          "title": "Content usage",
          "description": "The content, including text and structure is available for you to <em>use</em>, <em>reuse</em> and <em>share</em> (including for commercial purposes) subject to the conditions of the license above."
        },
        {
          "title": "Exclusions",
          "description": "This license does not cover: <ul><li>Logos and trade marks belonging to the European Commission or Open Data Institute</li><li>Third party content (such as images)</li></ul>"
        },
        {
          "title": "Non-endorsement",
          "description": "This licence does not grant you any right to use the Information in a way that suggests any official status or that the Information Provider and/or Licensor endorse you or your use of the Information."
        },
        {
          "title": "No warranty",
          "description": "The Information is licensed 'as is'. The European Commission is not liable for any errors or omissions in the Information and shall not be liable for any loss, injury or damage of any kind caused by its use. The Information Provider does not guarantee the continued supply of the Information."
        }
      ]
    },
    {
      "title": "About",
      "description": "Discover how this learning was created",
      "_filterButtons": {
        "all": "All",
        "document": "PDF",
        "media": "Media",
        "link": "Link"
      },
      "_resourcesItems": [
        {
          "_type": "link",
          "title": "ODI Training Team",
          "description": "<div align='center'><img alt='ODI' style='border-width:0' src='adapt/css/assets/odi-logo.png' /></div><br />Expert knowledge, content development and learning plans provided by the by <span xmlns:cc='http://creativecommons.org/ns# property='cc:attributionName'>Open Data Institute</span> training team.",
          "_link": "http://theodi.org/training_team"
        },
        {
          "_type": "link",
          "title": "European Data Portal",
          "description": "<div align='center'><img alt='EDP' style='border-width:0; max-height: 150px;' src='adapt/css/assets/edp.png' /></div><br />Funding for module development and implementation provided by the <span xmlns:cc='http://creativecommons.org/ns# property='cc:attributionName'>European Data Portal</span>.",
          "_link": "http://www.europeandataportal.eu/"
        },
        {
          "_type": "link",
          "title": "Sponge UK",
          "description": "<div align='center'><img alt='Sponge UK' style='border-width:0' src='adapt/css/assets/sponge.png' /></div><br />Learning solutions, content production and eLearning expertise provided by <span xmlns:cc='http://creativecommons.org/ns# property='cc:attributionName'>Sponge UK</span>.",
          "_link": "http://www.spongeuk.com"
        },
        {
          "_type": "link",
          "title": "Adapt learning",
          "description": "<div align='center'><img alt='Adapt learning' style='border-width:0' src='adapt/css/assets/adapt.png' /></div><br />Open source learning platform developed by <span xmlns:cc='http://creativecommons.org/ns# property='cc:attributionName'>Adapt learning</span>.",
          "_link": "https://community.adaptlearning.org/"
        }
      ]
    }
  ]
}