{
  "title": "Hur man bäst nyttjar öppna data",
  "displayTitle": "Hur man bäst nyttjar öppna data",
  "_latestTrackingId": 11,
  "_learningOutcomes": [
    {
      "outcome": "Describe the benefits of working with open data",
      "credits": 5,
      "badge": "explorer"
    },
    {
      "outcome": "Describe successful case studies of using and publishing open data",
      "credits": 5,
      "badge": "explorer"
    }
  ],
  "_resources": [
    {
      "title": "moduler",
      "description": "Byt till en annan modul",
      "_filterButtons": {
        "all": "All",
        "document": "PDF",
        "media": "Media",
        "link": "Link"
      },
      "_resourcesItems": [
        {
          "_type": "link",
          "_local": "true",
          "title": "Huvudmeny",
          "description": "Huvudmeny",
          "_link": "../"
        },
        {
          "_type": "link",
          "_local": "true",
          "title": "Module 1",
          "description": "Vad är öppna data?",
          "_link": "../module1/"
        },
        {
          "_type": "link",
          "_local": "true",
          "title": "Module 2",
          "description": "Hur man bäst nyttjar öppna data",
          "_link": "../module2/"
        },
        {
          "_type": "link",
          "_local": "true",
          "title": "Module 3",
          "description": "Öppna data: en förändringsfaktor",
          "_link": "../module3/"
        },
        {
          "_type": "link",
          "_local": "true",
          "title": "Module 4",
          "description": "Varför behöver vi licenser?",
          "_link": "../module4/"
        },
        {
          "_type": "link",
          "_local": "true",
          "title": "Module 5",
          "description": "Öppen data av god kvalitet",
          "_link": "../module5/"
        },
        {
          "_type": "link",
          "_local": "true",
          "title": "Module 6",
          "description": "Att mäta framgång hos öppna data",
          "_link": "../module6/"
        },
        {
          "_type": "link",
          "_local": "true",
          "title": "Module 7",
          "description": "Varför borde vi oroa oss för hållbarhet?",
          "_link": "../module7/"
        },
        {
          "_type": "link",
          "_local": "true",
          "title": "Module 8",
          "description": "Vad är en plattform?",
          "_link": "../module8/"
        },
        {
          "_type": "link",
          "_local": "true",
          "title": "Module 9",
          "description": "Att välja rätt format för öppna data",
          "_link": "../module9/"
        },
        {
          "_type": "link",
          "_local": "true",
          "title": "Module 10",
          "description": "Hur användbar är mina data?",
          "_link": "../module10/"
        },
        {
          "_type": "link",
          "_local": "true",
          "title": "Module 11",
          "description": "Så här rengör du dina data",
          "_link": "../module11/"
        },
        {
          "_type": "link",
          "_local": "true",
          "title": "Module 12",
          "description": "Hitta dolda data på webben",
          "_link": "../module12/"
        },
        {
          "_type": "link",
          "_local": "true",
          "title": "Module 13",
          "description": "Länka ihop datawebben",
          "_link": "../module13/"
        },
        {
          "_type": "link",
          "_local": "true",
          "title": "Module 14",
          "description": "Att förespråka öppna data",
          "_link": "../module14/"
        },
        {
          "_type": "link",
          "_local": "true",
          "title": "Module 15",
          "description": "Hantera förändringar inom öppna data",
          "_link": "../module15/"
        },
        {
          "_type": "link",
          "_local": "true",
          "title": "Module 16",
          "description": "Uppnå effekt och påverkan med öppna data",
          "_link": "../module16/"
        }
      ]
    },
    {
      "title": "Resources",
      "description": "Click here to view resources for this course",
      "_filterButtons": {
        "all": "All",
        "document": "PDF",
        "media": "Media",
        "link": "Link"
      },
      "_resourcesItems": [
        {
          "_type": "link",
          "title": "Paris' most affordable coffee shops",
          "description": "Take me to Paris' most affordable coffee shops ",
          "_link": "https://web.archive.org/web/20150515035949/http://www.paris.fr/accueil/paris-mag/ou-boire-un-cafe-pour-1-a-paris/rub_9683_actu_116311_port_23863"
        },
        {
          "_type": "link",
          "title": "Icelandic lamb Map",
          "description": "Take me to Icelandic lamb map",
          "_link": "http://weblog.linkingpaths.com/post/78767700473/icelandic-open-data-lambs-and-maps"
        },
        {
          "_type": "link",
          "title": "Finnish SME case study",
          "description": "Take me to Finnish SME case study",
          "_link": "https://web.archive.org/web/20140531085827/http://www.epsiplatform.eu/content/finnish-study-psi-pricing-geo-data"
        },
        {
          "_type": "link",
          "title": "MySociety ",
          "description": "Take me to mySociety ",
          "_link": "https://www.mysociety.org/"
        },
        {
          "_type": "link",
          "title": "Hungarian right to know portal",
          "description": "Take me to Hungarian right to know portal",
          "_link": "http://kimittud.atlatszo.hu/"
        },
        {
          "_type": "link",
          "title": "Fix my street Norway",
          "description": "Take me to Fix my street Norway",
          "_link": "http://www.fiksgatami.no"
        },
        {
          "_type": "link",
          "title": "London fire station analysis",
          "description": "Take me to London fire station analysis",
          "_link": "http://london-fire.labs.theodi.org/"
        },
        {
          "_type": "link",
          "title": "UK prescription savings case study",
          "description": "Take me to UK prescription savings case study",
          "_link": "https://theodi.org/news/prescription-savings-worth-millions-identified-odi-incubated-company"
        },
        {
          "_type": "link",
          "title": "Swiss budget savings case study",
          "description": "Take me to Swiss budget savings case study",
          "_link": "http://be-asp.budget.opendata.ch/"
        },
        {
          "_type": "link",
          "title": "France energy data",
          "description": "Take me to the France energy data",
          "_link": "https://www.quandl.com/collections/france/france-energy-data"
        },
        {
          "_type": "link",
          "title": "GoOV App",
          "description": "Take me to GoOV App",
          "_link": "http://www.go-ov.nl/"
        },
        {
          "_type": "link",
          "title": "OpenCorporates",
          "description": "Take me to OpenCorporates",
          "_link": "https://opencorporates.com/info/about"
        },
        {
          "_type": "link",
          "title": "Plantwise",
          "description": "Take me to Plantwise",
          "_link": "https://www.plantwise.org/css/error.html"
        },
        {
          "_type": "link",
          "title": "CIARD",
          "description": "Take me to CIARD",
          "_link": "http://ring.ciard.info/"
        },
        {
          "_type": "link",
          "title": "Haiti Open Street Map",
          "description": "Take me to the Haiti Open Street Map",
          "_link": "http://hotosm.org/projects/haiti-2"
        },
        {
          "_type": "link",
          "title": "Ebola open data jam",
          "description": "Take me to Ebola open data jam",
          "_link": "https://web.archive.org/web/20160123072141/http://www.eboladata.org/"
        },
        {
          "_type": "link",
          "title": "OpenGLAM",
          "description": "Take me to OpenGLAM",
          "_link": "http://openglam.org/"
        },
        {
          "_type": "link",
          "title": "ODI Data as Culture",
          "description": "Take me to ODI Data as Culture",
          "_link": "http://theodi.org/culture"
        }
      ]
    },
    {
      "title": "Image credits",
      "description": "Click here to view image credits for this module",
      "_filterButtons": {
        "all": "All",
        "document": "PDF",
        "media": "Media",
        "link": "Link"
      },
      "_resourcesItems": [
        {
          "_type": "link",
          "title": "Innovation and growth in business",
          "description": "Source: Shutterstock<br/>Credit: Bloomua<br/>Licence: Shutterstock Standard License",
          "_link": "http://www.shutterstock.com/pic-230887714.html"
        },
        {
          "_type": "link",
          "title": "Supporting Growing Economies",
          "description": "Source: Shutterstock<br/>Credit: vs148<br/>Licence: Shutterstock Standard License",
          "_link": "http://www.shutterstock.com/pic-128352227.html"
        },
        {
          "_type": "link",
          "title": "Improved service delivery",
          "description": "Source: Fix my street<br/>Credit: fixmystreet<br/>Licence: unknown",
          "_link": "https://www.fixmystreet.com/"
        },
        {
          "_type": "link",
          "title": "Cost Savings",
          "description": "Source: Shutterstock<br/>Credit: vlastas<br/>Licence: Shutterstock Standard License",
          "_link": "http://www.shutterstock.com/pic-75494491.html"
        },
        {
          "_type": "link",
          "title": "Changing societies and public policy",
          "description": "Source: Shutterstock<br/>Credit: tai11<br/>Licence: Shutterstock Standard License",
          "_link": "http://www.shutterstock.com/pic-234353791.html"
        },
        {
          "_type": "link",
          "title": "Environment",
          "description": "Source: Shutterstock<br/>Credit: Madlen<br/>Licence: Shutterstock Standard License",
          "_link": "http://www.shutterstock.com/pic-94664593.html"
        },
        {
          "_type": "link",
          "title": "Saving lives",
          "description": "Source: Unclear<br/>Credit: Ito World Ltd.<br/>Licence: Creative Commons Attribution ShareAlike",
          "_link": "http://www.itoworld.com/static/ted_video.html"
        },
        {
          "_type": "link",
          "title": "Culture",
          "description": "Source: Flickr<br/>Credit: Open Data Institute<br/>Licence: Creative Commons Attribution ShareAlike",
          "_link": "https://www.flickr.com/photos/ukodi/13400679614/in/album-72157642859056285/"
        },
        {
          "_type": "link",
          "title": "Summary icon clipboard",
          "description": "Source: Shutterstock<br/>Credit: Kritchanut<br/>Licence: Shutterstock Standard License",
          "_link": "http://www.shutterstock.com/pic-189810137.html"
        },
        {
          "_type": "link",
          "title": "Open data institute logo",
          "description": "Source: The Open Data Institute<br/>Credit: The Open Data Institute<br/>Licence: All rights reserved",
          "_link": "http://theodi.org"
        },
        {
          "_type": "link",
          "title": "Your World - Delicate Beats",
          "description": "Source: Premium Beat<br/>Credit: leromin<br/>Licence: Premium Beat Standard License",
          "_link": "http://www.premiumbeat.com/royalty_free_music/songs/your-world"
        }
      ]
    },
    {
      "title": "Open data",
      "description": "Download and use module content",
      "_filterButtons": {
        "all": "All",
        "document": "PDF",
        "media": "Media",
        "link": "Link"
      },
      "_resourcesItems": [
        {
          "_type": "link",
          "title": "<div align='center'><img class='download-image' src='adapt/css/assets/download.png'><p class='downloadp'>Download menu data</p></div>",
          "description": "",
          "_link": "course/sv/components.json"
        },
        {
          "_type": "link",
          "title": "<div align='center'><img class='download-image' src='adapt/css/assets/download.png'><p class='downloadp'>Download sidebar data</p></div>",
          "description": "",
          "_link": "course/sv/course.json"
        },
        {
          "_type": "link",
          "title": "<div align='center'><img class='download-image' src='adapt/css/assets/download.png'><p class='downloadp'>Download scorm object</p></div>",
          "description": "",
          "_link": "course/sv/data/scorm.zip"
        },
        {
          "_type": "link",
          "title": "<div align='center'><img class='download-image' src='adapt/css/assets/download.png'><p class='downloadp'>Download transcripts</p></div>",
          "description": "",
          "_link": "course/sv/data/transcripts.zip"
        },
        {
          "_type": "link",
          "title": "Open data certificate",
          "description": "<span class='open-data-certificate'><img alt='Badge' src='adapt/css/assets/badge.png'/><ul class='open-data-certificate-details'> <li> <span>Open: ODI eLearning Data</span> </li> <li> <span>Pilot Open Data Certificate (final)</span> </li> <li> <span>Active - self certified</span> </li> </ul> </span>",
          "_link": "https://certificates.theodi.org/datasets/25215/certificate"
        },
        {
          "_type": "link",
          "title": "Open licence",
          "description": "<div align='center'><img alt='Creative Commons Licence' style='border-width:0' src='https://i.creativecommons.org/l/by-sa/4.0/88x31.png' /></div><br />&quot;<span xmlns:dct='http://purl.org/dc/terms/' property='dct:title'>Unlocking value from open data</span>&quot; by <span xmlns:cc='http://creativecommons.org/ns# property='cc:attributionName'>European Commission</span> is licensed under a Creative Commons Attribution-ShareAlike 4.0 International License.",
          "_link": "http://creativecommons.org/licenses/by-sa/4.0/"
        },
        {
          "title": "Content usage",
          "description": "The content, including text and structure is available for you to <em>use</em>, <em>reuse</em> and <em>share</em> (including for commercial purposes) subject to the conditions of the license above."
        },
        {
          "title": "Exclusions",
          "description": "This license does not cover: <ul><li>Logos and trade marks belonging to the European Commission or Open Data Institute</li><li>Third party content (such as images)</li></ul>"
        },
        {
          "title": "Non-endorsement",
          "description": "This licence does not grant you any right to use the Information in a way that suggests any official status or that the Information Provider and/or Licensor endorse you or your use of the Information."
        },
        {
          "title": "No warranty",
          "description": "The Information is licensed 'as is'. The European Commission is not liable for any errors or omissions in the Information and shall not be liable for any loss, injury or damage of any kind caused by its use. The Information Provider does not guarantee the continued supply of the Information."
        }
      ]
    },
    {
      "title": "About",
      "description": "Upptäck hur denna inlärning skapades",
      "_filterButtons": {
        "all": "All",
        "document": "PDF",
        "media": "Media",
        "link": "Link"
      },
      "_resourcesItems": [
        {
          "_type": "link",
          "title": "ODI Training Team",
          "description": "<div align='center'><img alt='ODI' style='border-width:0' src='adapt/css/assets/odi-logo.png' /></div><br />Expertkunskap, innehållsutveckling och lärandeplaner från utbildningsgrupp. <span xmlns:cc='http://creativecommons.org/ns# property='cc:attributionName'>Open Data Institute</span> utbildningsgrupp.",
          "_link": "http://theodi.org/training_team"
        },
        {
          "_type": "link",
          "title": "European Data Portal",
          "description": "<div align='center'><img alt='EDP' style='border-width:0; max-height: 150px;' src='adapt/css/assets/edp.png' /></div><br />Finansiering för modulutveckling och genomförande från <span xmlns:cc='http://creativecommons.org/ns# property='cc:attributionName'>European Data Portal</span>.",
          "_link": "http://www.europeandataportal.eu/"
        },
        {
          "_type": "link",
          "title": "Sponge UK",
          "description": "<div align='center'><img alt='Sponge UK' style='border-width:0' src='adapt/css/assets/sponge.png' /></div><br />Lärande lösningar, innehållsproduktion och eLearning-expertis från <span xmlns:cc='http://creativecommons.org/ns# property='cc:attributionName'>Sponge UK</span>.",
          "_link": "http://www.spongeuk.com"
        },
        {
          "_type": "link",
          "title": "Adapt learning",
          "description": "<div align='center'><img alt='Adapt learning' style='border-width:0' src='adapt/css/assets/adapt.png' /></div><br />Open source learning platform utvecklad av <span xmlns:cc='http://creativecommons.org/ns# property='cc:attributionName'>Adapt learning</span>.",
          "_link": "https://community.adaptlearning.org/"
        }
      ]
    }
  ],
  "_id": "course",
  "_type": "course",
  "_buttons": {
    "submit": "Skicka",
    "reset": "återställ",
    "showCorrectAnswer": "modell svar",
    "hideCorrectAnswer": "mitt svar"
  }
}