[
    {
        "_id": "b-01",
        "_parentId": "a-01",
        "_type": "block",
        "_classes": "",
        "_trackingId": 0,
        "_trickle": {
            "_isEnabled":false,
            "button": "Continue"
        }
    },
    {
        "_id": "b-10",
        "_parentId": "a-01",
        "_type": "block",
        "_classes": "inverted",
        "_trackingId": 1,
        "_trickle": {
            "_isEnabled":false,
            "button": "Continue"
        }
    },
    {
        "_id": "b-20",
        "_parentId": "a-01",
        "_type": "block",
        "_classes": "",
        "_trackingId": 2,
        "_trickle": {
            "_isEnabled":false,
            "button": "Continue"
        }
    },
    {
        "_id": "b-25",
        "_parentId": "a-01",
        "_type": "block",
        "_classes": "inverted",
        "_trackingId": 3,
        "_trickle": {
            "_isEnabled":false,
            "button": "Continue"
        }
    },
    {
        "_id": "b-28",
        "_parentId": "a-01",
        "_type": "block",
        "_classes": "",
        "_trackingId": 4,
        "_trickle": {
            "_isEnabled":false,
            "button": "Continue"
        }
    },
    {
        "_id": "b-30",
        "_parentId": "a-01",
        "_type": "block",
        "_classes": "inverted",
        "_trackingId": 5,
        "_trickle": {
            "_isEnabled":false,
            "button": "Continue"
        }
    },
    {
        "_id": "b-40",
        "_parentId": "a-01",
        "_type": "block",
        "_classes": "",
        "_trackingId": 6,
        "_trickle": {
            "_isEnabled":false,
            "button": "Continue"
        }
    },
    {
        "_id": "b-60",
        "_parentId": "a-01",
        "_type": "block",
        "_classes": "inverted",
        "_trackingId": 7,
        "_trickle": {
            "_isEnabled":false,
            "button": "Continue"
        }
    },
    {
        "_id": "b-70",
        "_parentId": "a-01",
        "_type": "block",
        "_classes": "",
        "_trackingId": 8,
        "_trickle": {
            "_isEnabled":false,
            "button": "Continue"
        }
    },
    {
        "_id": "b-80",
        "_parentId": "a-01",
        "_type": "block",
        "_classes": "inverted",
        "_trackingId": 9,
        "_trickle": {
            "_isEnabled":false,
            "button": "Continue"
        }
    },
    {
        "_id": "b-90",
        "_parentId": "a-01",
        "_type": "block",
        "_classes": "",
        "_trackingId": 10,
        "_trickle": {
            "_isEnabled":false,
            "button": "Continue"
        }
    },
    {
        "_id": "b-100",
        "_parentId": "a-01",
        "_type": "block",
        "_classes": "inverted",
        "_trackingId": 11,
        "_trickle": {
            "_isEnabled":false,
            "button": "Continue"
        }
    },
    {
        "_id": "b-110",
        "_parentId": "a-01",
        "_type": "block",
        "_classes": "",
        "_trackingId": 12,
        "_trickle": {
            "_isEnabled":false,
            "button": "Continue"
        }
    },
    {
        "_id": "b-120",
        "_parentId": "a-01",
        "_type": "block",
        "_classes": "inverted",
        "_trackingId": 13,
        "_trickle": {
            "_isEnabled":false,
            "button": "Continue"
        }
    },
    {
        "_id": "b-130",
        "_parentId": "a-01",
        "_type": "block",
        "_classes": "",
        "_trackingId": 14,
        "_trickle": {
            "_isEnabled":false,
            "button": "Continue"
        }
    },
    {
        "_id": "b-135",
        "_parentId": "a-01",
        "_type": "block",
        "_classes": "inverted",
        "_trackingId": 15,
        "_trickle": {
            "_isEnabled":false,
            "button": "Continue"
        }
    },
    {
        "_id": "b-140",
        "_parentId": "a-01",
        "_type": "block",
        "_classes": "",
        "_trackingId": 16,
        "_trickle": {
            "_isEnabled":false,
            "button": "Continue"
        }
    },
    {
        "_id": "b-150",
        "_parentId": "a-01",
        "_type": "block",
        "_classes": "summary",
        "_trackingId": 14,
        "_trickle": {
            "_isEnabled":false,
            "button": "Continue"
        }
    }
]
