{
  "title": "Warum brauchen wir Lizenzen?",
  "displayTitle": "Warum brauchen wir Lizenzen?",
  "_latestTrackingId": 13,
  "_learningOutcomes": [
    {
      "outcome": "Describe how copyright and licensing relate to open data",
      "credits": 5,
      "badge": "explorer"
    },
    {
      "outcome": "Identify instances of open licenses and effective application",
      "credits": 5,
      "badge": "explorer"
    }
  ],
  "_resources": [
    {
      "title": "Module",
      "description": "Wechseln Sie zu einem anderen Modul",
      "_filterButtons": {
        "all": "All",
        "document": "PDF",
        "media": "Media",
        "link": "Link"
      },
      "_resourcesItems": [
        {
          "_type": "link",
          "_local": "true",
          "title": "Main menu",
          "description": "Hauptmenü",
          "_link": "../"
        },
        {
          "_type": "link",
          "_local": "true",
          "title": "Modul 1",
          "description": "Was sind offene Daten?",
          "_link": "../module1/"
        },
        {
          "_type": "link",
          "_local": "true",
          "title": "Modul 2",
          "description": "Wertschöpfung durch Open Data",
          "_link": "../module2/"
        },
        {
          "_type": "link",
          "_local": "true",
          "title": "Modul 3",
          "description": "Open Data als Change Agent",
          "_link": "../module3/"
        },
        {
          "_type": "link",
          "_local": "true",
          "title": "Modul 4",
          "description": "Warum brauchen wir Lizenzen?",
          "_link": "../module4/"
        },
        {
          "_type": "link",
          "_local": "true",
          "title": "Modul 5",
          "description": "Was zeichnet qualitative Open Data aus?",
          "_link": "../module5/"
        },
        {
          "_type": "link",
          "_local": "true",
          "title": "Modul 6",
          "description": "Den Erfolg von Open Data Initiativen messen",
          "_link": "../module6/"
        },
        {
          "_type": "link",
          "_local": "true",
          "title": "Modul 7",
          "description": "Warum sollten wir uns Gedanken über Nachhaltigkeit machen?",
          "_link": "../module7/"
        },
        {
          "_type": "link",
          "_local": "true",
          "title": "Modul 8",
          "description": "Mit Plattformen zurechtkommen",
          "_link": "../module8/"
        },
        {
          "_type": "link",
          "_local": "true",
          "title": "Modul 9",
          "description": "Wie wählt man das richtige Format für Open Data",
          "_link": "../module9/"
        },
        {
          "_type": "link",
          "_local": "true",
          "title": "Modul 10",
          "description": "Wie nützlich sind meine Daten?",
          "_link": "../module10/"
        },
        {
          "_type": "link",
          "_local": "true",
          "title": "Modul 11",
          "description": "Wie Sie Ihre Daten bereinigen können",
          "_link": "../module11/"
        },
        {
          "_type": "link",
          "_local": "true",
          "title": "Modul 12",
          "description": "Versteckte Daten im Web finden",
          "_link": "../module12/"
        },
        {
          "_type": "link",
          "_local": "true",
          "title": "Modul 13",
          "description": "Das ‚Web der Daten‘ verknüpfen",
          "_link": "../module13/"
        },
        {
          "_type": "link",
          "_local": "true",
          "title": "Modul 14",
          "description": "Werben um Open Data",
          "_link": "../module14/"
        },
        {
          "_type": "link",
          "_local": "true",
          "title": "Modul 15",
          "description": "Veränderungsmanagement in Open Data",
          "_link": "../module15/"
        },
        {
          "_type": "link",
          "_local": "true",
          "title": "Modul 16",
          "description": "Positive Effekte mit Open Data erzielen",
          "_link": "../module16/"
        }
      ]
    },
    {
      "title": "Resources",
      "description": "Click here to view resources for this course",
      "_filterButtons": {
        "all": "All",
        "document": "PDF",
        "media": "Media",
        "link": "Link"
      },
      "_resourcesItems": [
        {
          "_type": "link",
          "title": "OpenDataMonitor platform",
          "description": "Take me to the OpenDataMonitor platform",
          "_link": "http://www.opendatamonitor.eu"
        },
        {
          "_type": "link",
          "title": "Transport for London",
          "description": "Take me to Transport for London",
          "_link": "http://www.tfl.gov.uk/"
        },
        {
          "_type": "link",
          "title": "Data.gov.uk",
          "description": "Take me to Data.gov.uk",
          "_link": "http://data.gov.uk/dataset/financial-transactions-data-fco"
        },
        {
          "_type": "link",
          "title": "Data.gov.sg",
          "description": "Take me to data.gov.sg",
          "_link": "http://data.gov.sg/Metadata/OneMapMetadata.aspx?id=DENGUE_CLUSTER&t=SPATIAL"
        },
        {
          "_type": "link",
          "title": "Public Domain licence",
          "description": "Take me to the Public Domain licence",
          "_link": "https://creativecommons.org/publicdomain/zero/1.0/"
        },
        {
          "_type": "link",
          "title": "Attribution licence",
          "description": "Take me to the Attribution licence",
          "_link": "https://creativecommons.org/licenses/by/4.0/"
        },
        {
          "_type": "link",
          "title": "Attribution & share-alike licence",
          "description": "Take me to the Attribution & share-alike licence",
          "_link": "https://creativecommons.org/licenses/by-sa/4.0/"
        },
        {
          "_type": "link",
          "title": "Choose an appropriate Creative Commons license",
          "description": "Take me to the Creative Commons license",
          "_link": "https://creativecommons.org/choose/"
        },
        {
          "_type": "link",
          "title": "French government open licence",
          "description": "Take me to French government open licence",
          "_link": "https://www.etalab.gouv.fr/licence-ouverte-open-licence"
        },
        {
          "_type": "link",
          "title": "UK Government open license",
          "description": "Take me to the UK Government open license",
          "_link": "http://www.nationalarchives.gov.uk/doc/open-government-licence/version/3/"
        }
      ]
    },
    {
      "title": "Image credits",
      "description": "Click here to view image credits for this module",
      "_filterButtons": {
        "all": "All",
        "document": "PDF",
        "media": "Media",
        "link": "Link"
      },
      "_resourcesItems": [
        {
          "_type": "link",
          "title": "Why license open data?",
          "description": "Source: Shutterstock<br/>Credit: Oleksiy Mark<br/>Licence: Shutterstock Standard License",
          "_link": "http://www.shutterstock.com/pic-270451631.html"
        },
        {
          "_type": "link",
          "title": "Providing certainty",
          "description": "Source: Shutterstock<br/>Credit: Pavel Ignatov<br/>Licence: Shutterstock Standard License",
          "_link": "http://www.shutterstock.com/pic-77222599.html"
        },
        {
          "_type": "link",
          "title": "Enabling innovation",
          "description": "Source: Shutterstock<br/>Credit: Claudio Divizia<br/>Licence: Shutterstock Standard License",
          "_link": "http://www.shutterstock.com/pic-173841626.html"
        },
        {
          "_type": "link",
          "title": "How to locate a licence?",
          "description": "Source: Unclear<br/>Credit: sponge uk<br/>Licence: Creative commons attribute 4.0 international",
          "_link": "sponge uk"
        },
        {
          "_type": "link",
          "title": "UK Government",
          "description": "Source: data.gov.uk<br/>Credit: data.gov.uk<br/>Licence: Open Government Licence",
          "_link": "http://data.gov.uk/dataset/financial-transactions-data-fco"
        },
        {
          "_type": "link",
          "title": "Singapore Government",
          "description": "Source: data.gov.sg<br/>Credit: data.gov.sg<br/>Licence: n/a",
          "_link": "https://data.gov.sg/dataset/dengue-clusters"
        },
        {
          "_type": "link",
          "title": "Types of licences",
          "description": "Source: Shutterstock<br/>Credit: Icons vector<br/>Licence: Shutterstock Standard License",
          "_link": "http://www.shutterstock.com/pic-353727374"
        },
        {
          "_type": "link",
          "title": "Third parties",
          "description": "Source: Shutterstock<br/>Credit: everything possible<br/>Licence: Shutterstock Standard License",
          "_link": "http://www.shutterstock.com/pic-239545075.html"
        },
        {
          "_type": "link",
          "title": "Including open data in contracts",
          "description": "Source: Shutterstock<br/>Credit: Myvector<br/>Licence: Shutterstock Standard License",
          "_link": "http://www.shutterstock.com/pic-159737504.html"
        },
        {
          "_type": "link",
          "title": "Open data about performance",
          "description": "Source: Shutterstock<br/>Credit: Your Design<br/>Licence: Shutterstock Standard License",
          "_link": "http://www.shutterstock.com/pic-201870622.html"
        },
        {
          "_type": "link",
          "title": "Summary icon clipboard",
          "description": "Source: Shutterstock<br/>Credit: Kritchanut<br/>Licence: Shutterstock Standard License",
          "_link": "http://www.shutterstock.com/pic-189810137.html"
        },
        {
          "_type": "link",
          "title": "Open data institute logo",
          "description": "Source: The Open Data Institute<br/>Credit: The Open Data Institute<br/>Licence: All rights reserved",
          "_link": "http://theodi.org"
        },
        {
          "_type": "link",
          "title": "Your World - Delicate Beats",
          "description": "Source: Premium Beat<br/>Credit: leromin<br/>Licence: Premium Beat Standard License",
          "_link": "http://www.premiumbeat.com/royalty_free_music/songs/your-world"
        }
      ]
    },
    {
      "title": "Open data",
      "description": "Download and use module content",
      "_filterButtons": {
        "all": "All",
        "document": "PDF",
        "media": "Media",
        "link": "Link"
      },
      "_resourcesItems": [
        {
          "_type": "link",
          "title": "<div align='center'><img class='download-image' src='adapt/css/assets/download.png'><p class='downloadp'>Download menu data</p></div>",
          "description": "",
          "_link": "course/en/components.json"
        },
        {
          "_type": "link",
          "title": "<div align='center'><img class='download-image' src='adapt/css/assets/download.png'><p class='downloadp'>Download sidebar data</p></div>",
          "description": "",
          "_link": "course/en/course.json"
        },
        {
          "_type": "link",
          "title": "<div align='center'><img class='download-image' src='adapt/css/assets/download.png'><p class='downloadp'>Download scorm object</p></div>",
          "description": "",
          "_link": "course/en/data/scorm.zip"
        },
        {
          "_type": "link",
          "title": "<div align='center'><img class='download-image' src='adapt/css/assets/download.png'><p class='downloadp'>Download transcripts</p></div>",
          "description": "",
          "_link": "course/en/data/transcripts.zip"
        },
        {
          "_type": "link",
          "title": "Open data certificate",
          "description": "<span class='open-data-certificate'><img alt='Badge' src='adapt/css/assets/badge.png'/><ul class='open-data-certificate-details'> <li> <span>Open: ODI eLearning Data</span> </li> <li> <span>Pilot Open Data Certificate (final)</span> </li> <li> <span>Active - self certified</span> </li> </ul> </span>",
          "_link": "https://certificates.theodi.org/datasets/25215/certificate"
        },
        {
          "_type": "link",
          "title": "Open licence",
          "description": "<div align='center'><img alt='Creative Commons Licence' style='border-width:0' src='https://i.creativecommons.org/l/by-sa/4.0/88x31.png' /></div><br />&quot;<span xmlns:dct='http://purl.org/dc/terms/' property='dct:title'>Why do we need to license?</span>&quot; by <span xmlns:cc='http://creativecommons.org/ns# property='cc:attributionName'>European Commission</span> is licensed under a Creative Commons Attribution-ShareAlike 4.0 International License.",
          "_link": "http://creativecommons.org/licenses/by-sa/4.0/"
        },
        {
          "title": "Content usage",
          "description": "The content, including text and structure is available for you to <em>use</em>, <em>reuse</em> and <em>share</em> (including for commercial purposes) subject to the conditions of the license above."
        },
        {
          "title": "Exclusions",
          "description": "This license does not cover: <ul><li>Logos and trade marks belonging to the European Commission or Open Data Institute</li><li>Third party content (such as images)</li></ul>"
        },
        {
          "title": "Non-endorsement",
          "description": "This licence does not grant you any right to use the Information in a way that suggests any official status or that the Information Provider and/or Licensor endorse you or your use of the Information."
        },
        {
          "title": "No warranty",
          "description": "The Information is licensed 'as is'. The European Commission is not liable for any errors or omissions in the Information and shall not be liable for any loss, injury or damage of any kind caused by its use. The Information Provider does not guarantee the continued supply of the Information."
        }
      ]
    },
    {
      "title": "About",
      "description": "Discover how this learning was created",
      "_filterButtons": {
        "all": "All",
        "document": "PDF",
        "media": "Media",
        "link": "Link"
      },
      "_resourcesItems": [
        {
          "_type": "link",
          "title": "ODI Training Team",
          "description": "<div align='center'><img alt='ODI' style='border-width:0' src='adapt/css/assets/odi-logo.png' /></div><br />Expert knowledge, content development and learning plans provided by the by <span xmlns:cc='http://creativecommons.org/ns# property='cc:attributionName'>Open Data Institute</span> training team.",
          "_link": "http://theodi.org/training_team"
        },
        {
          "_type": "link",
          "title": "European Data Portal",
          "description": "<div align='center'><img alt='EDP' style='border-width:0; max-height: 150px;' src='adapt/css/assets/edp.png' /></div><br />Funding for module development and implementation provided by the <span xmlns:cc='http://creativecommons.org/ns# property='cc:attributionName'>European Data Portal</span>.",
          "_link": "http://www.europeandataportal.eu/"
        },
        {
          "_type": "link",
          "title": "Sponge UK",
          "description": "<div align='center'><img alt='Sponge UK' style='border-width:0' src='adapt/css/assets/sponge.png' /></div><br />Learning solutions, content production and eLearning expertise provided by <span xmlns:cc='http://creativecommons.org/ns# property='cc:attributionName'>Sponge UK</span>.",
          "_link": "http://www.spongeuk.com"
        },
        {
          "_type": "link",
          "title": "Adapt learning",
          "description": "<div align='center'><img alt='Adapt learning' style='border-width:0' src='adapt/css/assets/adapt.png' /></div><br />Open source learning platform developed by <span xmlns:cc='http://creativecommons.org/ns# property='cc:attributionName'>Adapt learning</span>.",
          "_link": "https://community.adaptlearning.org/"
        }
      ]
    }
  ],
  "_id": "course",
  "_type": "course",
  "_buttons": {
    "submit": "Absenden",
    "reset": "Reset",
    "showCorrectAnswer": "Model Answer",
    "hideCorrectAnswer": "My Answer"
  }
}