{
  "title": "Kodėl reikia licencijų?",
  "displayTitle": "Kodėl reikia licencijų?",
  "_latestTrackingId": 13,
  "_learningOutcomes": [
    {
      "outcome": "Kaip licencijos yra susijusios su atvirais duomenimis",
      "credits": 5,
      "badge": "explorer"
    },
    {
      "outcome": "Atvirų licencijų pritaikymas",
      "credits": 5,
      "badge": "explorer"
    }
  ],
  "_resources": [
    {
      "title": "Moduliai",
      "description": "Kitas modulis",
      "_filterButtons": {
        "all": "All",
        "document": "PDF",
        "media": "Media",
        "link": "Link"
      },
      "_resourcesItems": [
        {
          "_type": "link",
          "_local": "true",
          "title": "Pagridinis meniu",
          "description": "Pagridinis meniu",
          "_link": "../"
        },
        {
          "_type": "link",
          "_local": "true",
          "title": "Modulis 1",
          "description": "Kas yra atviri duomenys?",
          "_link": "../module1/"
        },
        {
          "_type": "link",
          "_local": "true",
          "title": "Modulis 2",
          "description": "Atvirų duomenų potencialas",
          "_link": "../module2/"
        },
        {
          "_type": "link",
          "_local": "true",
          "title": "Modulis 3",
          "description": "Atviri duomenys: priemonė pokyčiui",
          "_link": "../module3/"
        },
        {
          "_type": "link",
          "_local": "true",
          "title": "Modulis 4",
          "description": "Kodėl reikia licencijų?",
          "_link": "../module4/"
        },
        {
          "_type": "link",
          "_local": "true",
          "title": "Modulis 5",
          "description": "Kas lemia atvirų duomenų kokybę?",
          "_link": "../module5/"
        },
        {
          "_type": "link",
          "_local": "true",
          "title": "Modulis 6",
          "description": "Atvirų duomenų sėkmės vertinimas",
          "_link": "../module6/"
        },
        {
          "_type": "link",
          "_local": "true",
          "title": "Modulis 7",
          "description": "Kodėl turime užtikrinti duomenų tvarumą?",
          "_link": "../module7/"
        },
        {
          "_type": "link",
          "_local": "true",
          "title": "Modulis 8",
          "description": "Kaip suprasti platformas",
          "_link": "../module8/"
        },
        {
          "_type": "link",
          "_local": "true",
          "title": "Modulis 9",
          "description": "Teisingo formato parinkimas",
          "_link": "../module9/"
        },
        {
          "_type": "link",
          "_local": "true",
          "title": "Modulis 10",
          "description": "Ar naudingi mano duomenys?",
          "_link": "../module10/"
        },
        {
          "_type": "link",
          "_local": "true",
          "title": "Modulis 11",
          "description": "Kaip paruošti duomenis",
          "_link": "../module11/"
        },
        {
          "_type": "link",
          "_local": "true",
          "title": "Modulis 12",
          "description": "Paslėptų duomenų radimas internete",
          "_link": "../module12/"
        },
        {
          "_type": "link",
          "_local": "true",
          "title": "Modulis 13",
          "description": "Duomenų tinklo susiejimas",
          "_link": "../module13/"
        },
        {
          "_type": "link",
          "_local": "true",
          "title": "Modulis 14",
          "description": "Skatinimas naudoti atvirus duomenis",
          "_link": "../module14/"
        },
        {
          "_type": "link",
          "_local": "true",
          "title": "Modulis 15",
          "description": "Atvirų duomenų pokyčių valdymas",
          "_link": "../module15/"
        },
        {
          "_type": "link",
          "_local": "true",
          "title": "Modulis 16",
          "description": "Atvirų duomenų poveikis",
          "_link": "../module16/"
        }
      ]
    },
    {
      "title": "Šaltiniai",
      "description": "peržiūrėti papildomus modulių šaltinius",
      "_filterButtons": {
        "all": "All",
        "document": "PDF",
        "media": "Media",
        "link": "Link"
      },
      "_resourcesItems": [
        {
          "_type": "link",
          "title": "OpenDataMonitor platforma",
          "description": "Nuoroda į OpenDataMonitor",
          "_link": "http://www.opendatamonitor.eu"
        },
        {
          "_type": "link",
          "title": "Transport for London",
          "description": "Nuoroda į Transport for London",
          "_link": "http://www.tfl.gov.uk/"
        },
        {
          "_type": "link",
          "title": "Data.gov.uk",
          "description": "Nuoroda į Data.gov.uk",
          "_link": "http://data.gov.uk/dataset/financial-transactions-data-fco"
        },
        {
          "_type": "link",
          "title": "Data.gov.sg",
          "description": "Nuoroda į data.gov.sg",
          "_link": "http://data.gov.sg/Metadata/OneMapMetadata.aspx?id=DENGUE_CLUSTER&t=SPATIAL"
        },
        {
          "_type": "link",
          "title": "Public Domain licence",
          "description": "Nuoroda į the Public Domain licence",
          "_link": "https://creativecommons.org/publicdomain/zero/1.0/"
        },
        {
          "_type": "link",
          "title": "Attribution licence",
          "description": "Nuoroda į the Attribution licence",
          "_link": "https://creativecommons.org/licenses/by/4.0/"
        },
        {
          "_type": "link",
          "title": "Attribution & share-alike licence",
          "description": "Nuoroda į the Attribution & share-alike licence",
          "_link": "https://creativecommons.org/licenses/by-sa/4.0/"
        },
        {
          "_type": "link",
          "title": "Creative Commons license",
          "description": "Nuoroda į Creative Commons license",
          "_link": "https://creativecommons.org/choose/"
        },
        {
          "_type": "link",
          "title": "French government open licence",
          "description": "Nuoroda į French government open licence",
          "_link": "https://www.etalab.gouv.fr/licence-ouverte-open-licence"
        },
        {
          "_type": "link",
          "title": "UK Government open license",
          "description": "Nuoroda į UK Government open license",
          "_link": "http://www.nationalarchives.gov.uk/doc/open-government-licence/version/3/"
        }
      ]
    },
    {
      "title": "Credits",
      "description": "Licencijuoto turinio nuorodos",
      "_filterButtons": {
        "all": "All",
        "document": "PDF",
        "media": "Media",
        "link": "Link"
      },
      "_resourcesItems": [
        {
          "_type": "link",
          "title": "Why license open data?",
          "description": "Source: Shutterstock<br/>Credit: Oleksiy Mark<br/>Licence: Shutterstock Standard License",
          "_link": "http://www.shutterstock.com/pic-270451631.html"
        },
        {
          "_type": "link",
          "title": "Providing certainty",
          "description": "Source: Shutterstock<br/>Credit: Pavel Ignatov<br/>Licence: Shutterstock Standard License",
          "_link": "http://www.shutterstock.com/pic-77222599.html"
        },
        {
          "_type": "link",
          "title": "Enabling innovation",
          "description": "Source: Shutterstock<br/>Credit: Claudio Divizia<br/>Licence: Shutterstock Standard License",
          "_link": "http://www.shutterstock.com/pic-173841626.html"
        },
        {
          "_type": "link",
          "title": "How to locate a licence?",
          "description": "Source: Unclear<br/>Credit: sponge uk<br/>Licence: Creative commons attribute 4.0 international",
          "_link": "sponge uk"
        },
        {
          "_type": "link",
          "title": "UK Government",
          "description": "Source: data.gov.uk<br/>Credit: data.gov.uk<br/>Licence: Open Government Licence",
          "_link": "http://data.gov.uk/dataset/financial-transactions-data-fco"
        },
        {
          "_type": "link",
          "title": "Singapore Government",
          "description": "Source: data.gov.sg<br/>Credit: data.gov.sg<br/>Licence: n/a",
          "_link": "https://data.gov.sg/dataset/dengue-clusters"
        },
        {
          "_type": "link",
          "title": "Types of licences",
          "description": "Source: Shutterstock<br/>Credit: Icons vector<br/>Licence: Shutterstock Standard License",
          "_link": "http://www.shutterstock.com/pic-353727374"
        },
        {
          "_type": "link",
          "title": "Third parties",
          "description": "Source: Shutterstock<br/>Credit: everything possible<br/>Licence: Shutterstock Standard License",
          "_link": "http://www.shutterstock.com/pic-239545075.html"
        },
        {
          "_type": "link",
          "title": "Including open data in contracts",
          "description": "Source: Shutterstock<br/>Credit: Myvector<br/>Licence: Shutterstock Standard License",
          "_link": "http://www.shutterstock.com/pic-159737504.html"
        },
        {
          "_type": "link",
          "title": "Open data about performance",
          "description": "Source: Shutterstock<br/>Credit: Your Design<br/>Licence: Shutterstock Standard License",
          "_link": "http://www.shutterstock.com/pic-201870622.html"
        },
        {
          "_type": "link",
          "title": "Summary icon clipboard",
          "description": "Source: Shutterstock<br/>Credit: Kritchanut<br/>Licence: Shutterstock Standard License",
          "_link": "http://www.shutterstock.com/pic-189810137.html"
        },
        {
          "_type": "link",
          "title": "Open data institute logo",
          "description": "Source: The Open Data Institute<br/>Credit: The Open Data Institute<br/>Licence: All rights reserved",
          "_link": "http://theodi.org"
        },
        {
          "_type": "link",
          "title": "Your World - Delicate Beats",
          "description": "Source: Premium Beat<br/>Credit: leromin<br/>Licence: Premium Beat Standard License",
          "_link": "http://www.premiumbeat.com/royalty_free_music/songs/your-world"
        }
      ]
    },
    {
      "title": "Atviri duomenys",
      "description": "Modulio turinys parsisiuntimui",
      "_filterButtons": {
        "all": "All",
        "document": "PDF",
        "media": "Media",
        "link": "Link"
      },
      "_resourcesItems": [
        {
          "_type": "link",
          "title": "<div align='center'><img class='download-image' src='adapt/css/assets/download.png'><p class='downloadp'>Download menu data</p></div>",
          "description": "",
          "_link": "course/en/components.json"
        },
        {
          "_type": "link",
          "title": "<div align='center'><img class='download-image' src='adapt/css/assets/download.png'><p class='downloadp'>Download sidebar data</p></div>",
          "description": "",
          "_link": "course/en/course.json"
        },
        {
          "_type": "link",
          "title": "<div align='center'><img class='download-image' src='adapt/css/assets/download.png'><p class='downloadp'>Download scorm object</p></div>",
          "description": "",
          "_link": "course/en/data/scorm.zip"
        },
        {
          "_type": "link",
          "title": "<div align='center'><img class='download-image' src='adapt/css/assets/download.png'><p class='downloadp'>Download transcripts</p></div>",
          "description": "",
          "_link": "course/en/data/transcripts.zip"
        },
        {
          "_type": "link",
          "title": "Open data certificate",
          "description": "<span class='open-data-certificate'><img alt='Badge' src='adapt/css/assets/badge.png'/><ul class='open-data-certificate-details'> <li> <span>Open: ODI eLearning Data</span> </li> <li> <span>Pilot Open Data Certificate (final)</span> </li> <li> <span>Active - self certified</span> </li> </ul> </span>",
          "_link": "https://certificates.theodi.org/datasets/25215/certificate"
        },
        {
          "_type": "link",
          "title": "Open licence",
          "description": "<div align='center'><img alt='Creative Commons Licence' style='border-width:0' src='https://i.creativecommons.org/l/by-sa/4.0/88x31.png' /></div><br />&quot;<span xmlns:dct='http://purl.org/dc/terms/' property='dct:title'>Why do we need to license?</span>&quot; by <span xmlns:cc='http://creativecommons.org/ns# property='cc:attributionName'>European Commission</span> is licensed under a Creative Commons Attribution-ShareAlike 4.0 International License.",
          "_link": "http://creativecommons.org/licenses/by-sa/4.0/"
        },
        {
          "title": "Content usage",
          "description": "The content, including text and structure is available for you to <em>use</em>, <em>reuse</em> and <em>share</em> (including for commercial purposes) subject to the conditions of the license above."
        },
        {
          "title": "Exclusions",
          "description": "This license does not cover: <ul><li>Logos and trade marks belonging to the European Commission or Open Data Institute</li><li>Third party content (such as images)</li></ul>"
        },
        {
          "title": "Non-endorsement",
          "description": "This licence does not grant you any right to use the Information in a way that suggests any official status or that the Information Provider and/or Licensor endorse you or your use of the Information."
        },
        {
          "title": "No warranty",
          "description": "The Information is licensed 'as is'. The European Commission is not liable for any errors or omissions in the Information and shall not be liable for any loss, injury or damage of any kind caused by its use. The Information Provider does not guarantee the continued supply of the Information."
        }
      ]
    },
    {
      "title": "Apie",
      "description": "Kaip buvo sukurtas modulis",
      "_filterButtons": {
        "all": "All",
        "document": "PDF",
        "media": "Media",
        "link": "Link"
      },
      "_resourcesItems": [
        {
          "_type": "link",
          "title": "ODI Training Team",
          "description": "<div align='center'><img alt='ODI' style='border-width:0' src='adapt/css/assets/odi-logo.png' /></div><br />Expert knowledge, content development and learning plans provided by the by <span xmlns:cc='http://creativecommons.org/ns# property='cc:attributionName'>Open Data Institute</span> training team.",
          "_link": "http://theodi.org/training_team"
        },
        {
          "_type": "link",
          "title": "European Data Portal",
          "description": "<div align='center'><img alt='EDP' style='border-width:0; max-height: 150px;' src='adapt/css/assets/edp.png' /></div><br />Funding for module development and implementation provided by the <span xmlns:cc='http://creativecommons.org/ns# property='cc:attributionName'>European Data Portal</span>.",
          "_link": "http://www.europeandataportal.eu/"
        },
        {
          "_type": "link",
          "title": "Sponge UK",
          "description": "<div align='center'><img alt='Sponge UK' style='border-width:0' src='adapt/css/assets/sponge.png' /></div><br />Learning solutions, content production and eLearning expertise provided by <span xmlns:cc='http://creativecommons.org/ns# property='cc:attributionName'>Sponge UK</span>.",
          "_link": "http://www.spongeuk.com"
        },
        {
          "_type": "link",
          "title": "Adapt learning",
          "description": "<div align='center'><img alt='Adapt learning' style='border-width:0' src='adapt/css/assets/adapt.png' /></div><br />Open source learning platform developed by <span xmlns:cc='http://creativecommons.org/ns# property='cc:attributionName'>Adapt learning</span>.",
          "_link": "https://community.adaptlearning.org/"
        }
      ]
    }
  ],
  "_id": "course",
  "_type": "course",
  "_buttons": {
    "submit": "Submit",
    "reset": "Reset",
    "showCorrectAnswer": "Parodyti atsakymą",
    "hideCorrectAnswer": "Mano atsakymas"
  }
}