{
  "title": "Upptäcker öppen data",
  "displayTitle": "Upptäcker öppen data",
  "_latestTrackingId": 17,
  "_resources": [
    {
      "title": "Modules",
      "description": "Switch to another module",
      "_filterButtons": {
        "all": "All",
        "document": "PDF",
        "media": "Media",
        "link": "Link"
      },
      "_resourcesItems": [
        {
          "_type": "link",
          "_local": "true",
          "title": "Main menu",
          "description": "Main menu",
          "_link": ""
        },
        {
          "_type": "link",
          "_local": "true",
          "title": "Module 1",
          "description": "What is open data?",
          "_link": "module1/"
        },
        {
          "_type": "link",
          "_local": "true",
          "title": "Module 2",
          "description": "Unlocking value from open data",
          "_link": "module2/"
        },
        {
          "_type": "link",
          "_local": "true",
          "title": "Module 3",
          "description": "Open data. Agent of change.",
          "_link": "module3/"
        },
        {
          "_type": "link",
          "_local": "true",
          "title": "Module 4",
          "description": "Why do we need to license?",
          "_link": "module4/"
        },
        {
          "_type": "link",
          "_local": "true",
          "title": "Module 5",
          "description": "What makes quality open data?",
          "_link": "module5/"
        },
        {
          "_type": "link",
          "_local": "true",
          "title": "Module 6",
          "description": "Measuring success for open data",
          "_link": "module6/"
        },
        {
          "_type": "link",
          "_local": "true",
          "title": "Module 7",
          "description": "Why should we worry about sustainability?",
          "_link": "module7/"
        },
        {
          "_type": "link",
          "_local": "true",
          "title": "Module 8",
          "description": "Getting to grips with platforms",
          "_link": "module8/"
        },
        {
          "_type": "link",
          "_local": "true",
          "title": "Module 9",
          "description": "Choosing the right format for open data",
          "_link": "module9/"
        },
        {
          "_type": "link",
          "_local": "true",
          "title": "Module 10",
          "description": "How useful is my data?",
          "_link": "module10/"
        },
        {
          "_type": "link",
          "_local": "true",
          "title": "Module 11",
          "description": "How to clean your data",
          "_link": "module11/"
        },
        {
          "_type": "link",
          "_local": "true",
          "title": "Module 12",
          "description": "Finding hidden data on the web",
          "_link": "module12/"
        },
        {
          "_type": "link",
          "_local": "true",
          "title": "Module 13",
          "description": "Linking up the web of data",
          "_link": "module13/"
        },
        {
          "_type": "link",
          "_local": "true",
          "title": "Module 14",
          "description": "Open data advocacy",
          "_link": "module14/"
        },
        {
          "_type": "link",
          "_local": "true",
          "title": "Module 15",
          "description": "Managing change in open data",
          "_link": "module15/"
        },
        {
          "_type": "link",
          "_local": "true",
          "title": "Module 16",
          "description": "Achieving impact with open data",
          "_link": "module16/"
        }
      ]
    },
    {
      "title": "Open data",
      "description": "Download and use module content",
      "_filterButtons": {
        "all": "All",
        "document": "PDF",
        "media": "Media",
        "link": "Link"
      },
      "_resourcesItems": [
        {
          "_type": "link",
          "title": "<div align='center'><img class='download-image' src='adapt/css/assets/download.png'><p class='downloadp'>Download menu data</p></div>",
          "description": "",
          "_link": "course/en/components.json"
        },
        {
          "_type": "link",
          "title": "<div align='center'><img class='download-image' src='adapt/css/assets/download.png'><p class='downloadp'>Download sidebar data</p></div>",
          "description": "",
          "_link": "course/en/course.json"
        },
        {
          "_type": "link",
          "title": "<div align='center'><img class='download-image' src='adapt/css/assets/download.png'><p class='downloadp'>Download scorm object</p></div>",
          "description": "",
          "_link": "course/en/data/scorm.zip"
        },
        {
          "_type": "link",
          "title": "<div align='center'><img class='download-image' src='adapt/css/assets/download.png'><p class='downloadp'>Download transcripts</p></div>",
          "description": "",
          "_link": "course/en/data/transcripts.zip"
        },
        {
          "_type": "link",
          "title": "Open data certificate",
          "description": "<span class='open-data-certificate'><img alt='Badge' src='adapt/css/assets/badge.png'/><ul class='open-data-certificate-details'> <li> <span>Open: ODI eLearning Data</span> </li> <li> <span>Pilot Open Data Certificate (final)</span> </li> <li> <span>Active - self certified</span> </li> </ul> </span>",
          "_link": "https://certificates.theodi.org/datasets/25215/certificate"
        },
        {
          "_type": "link",
          "title": "Open licence",
          "description": "<div align='center'><img alt='Creative Commons Licence' style='border-width:0' src='https://i.creativecommons.org/l/by-sa/4.0/88x31.png' /></div><br />&quot;<span xmlns:dct='http://purl.org/dc/terms/' property='dct:title'>European Data Portal e-learning</span>&quot; by <span xmlns:cc='http://creativecommons.org/ns# property='cc:attributionName'>European Commission &amp; Open Data Institute</span> is licensed under a Creative Commons Attribution-ShareAlike 4.0 International License.",
          "_link": "http://creativecommons.org/licenses/by-sa/4.0/"
        },
        {
          "title": "Content usage",
          "description": "The content, including text and structure is available for you to <em>use</em>, <em>reuse</em> and <em>share</em> (including for commercial purposes) subject to the conditions of the license above."
        },
        {
          "title": "Exclusions",
          "description": "This license does not cover: <ul><li>Logos and trade marks belonging to the European Commission or Open Data Institute</li><li>Third party content (such as images)</li></ul>"
        },
        {
          "title": "Non-endorsement",
          "description": "This licence does not grant you any right to use the Information in a way that suggests any official status or that the Information Provider and/or Licensor endorse you or your use of the Information."
        },
        {
          "title": "No warranty",
          "description": "The Information is licensed 'as is'. The European Commission is not liable for any errors or omissions in the Information and shall not be liable for any loss, injury or damage of any kind caused by its use. The Information Provider does not guarantee the continued supply of the Information."
        }
      ]
    },
    {},
    {},
    {
      "title": "About",
      "description": "Discover how this learning was created",
      "_filterButtons": {
        "all": "All",
        "document": "PDF",
        "media": "Media",
        "link": "Link"
      },
      "_resourcesItems": [
        {
          "_type": "link",
          "title": "ODI Training Team",
          "description": "<div align='center'><img alt='ODI' style='border-width:0' src='adapt/css/assets/odi-logo.png' /></div><br />Expert knowledge, content development and learning plans provided by the by <span xmlns:cc='http://creativecommons.org/ns# property='cc:attributionName'>Open Data Institute</span> training team.",
          "_link": "http://theodi.org/training_team"
        },
        {
          "_type": "link",
          "title": "European Data Portal",
          "description": "<div align='center'><img alt='EDP' style='border-width:0; max-height: 150px;' src='adapt/css/assets/edp.png' /></div><br />Funding for module development and implementation provided by the <span xmlns:cc='http://creativecommons.org/ns# property='cc:attributionName'>European Data Portal</span>.",
          "_link": "http://www.europeandataportal.eu/"
        },
        {
          "_type": "link",
          "title": "Sponge UK",
          "description": "<div align='center'><img alt='Sponge UK' style='border-width:0' src='adapt/css/assets/sponge.png' /></div><br />Learning solutions, content production and eLearning expertise provided by <span xmlns:cc='http://creativecommons.org/ns# property='cc:attributionName'>Sponge UK</span>.",
          "_link": "http://www.spongeuk.com"
        },
        {
          "_type": "link",
          "title": "Adapt learning",
          "description": "<div align='center'><img alt='Adapt learning' style='border-width:0' src='adapt/css/assets/adapt.png' /></div><br />Open source learning platform developed by <span xmlns:cc='http://creativecommons.org/ns# property='cc:attributionName'>Adapt learning</span>.",
          "_link": "https://community.adaptlearning.org/"
        }
      ]
    }
  ],
  "_id": "course",
  "_type": "course",
  "_buttons": {
    "submit": "Submit",
    "reset": "Reset",
    "showCorrectAnswer": "Model Answer",
    "hideCorrectAnswer": "My Answer"
  }
}