{
  "title": "Unlocking value from open data",
  "displayTitle": "Unlocking value from open data",
  "_latestTrackingId": 11,
  "_learningOutcomes": [
    {
      "outcome": "Describe the benefits of working with open data",
      "credits": 5,
      "badge": "explorer"
    },
    {
      "outcome": "Describe successful case studies of using and publishing open data",
      "credits": 5,
      "badge": "explorer"
    }
  ],
  "_resources": [
    {
      "title": "Modules",
      "description": "Switch to another module",
      "_filterButtons": {
        "all": "All",
        "document": "PDF",
        "media": "Media",
        "link": "Link"
      },
      "_resourcesItems": [
        {
          "_type": "link",
          "_local": "true",
          "title": "Main menu",
          "description": "Main menu",
          "_link": "../"
        },
        {
          "_type": "link",
          "_local": "true",
          "title": "Module 1",
          "description": "What is open data?",
          "_link": "../module1/"
        },
        {
          "_type": "link",
          "_local": "true",
          "title": "Module 2",
          "description": "Unlocking value from open data",
          "_link": "../module2/"
        },
        {
          "_type": "link",
          "_local": "true",
          "title": "Module 3",
          "description": "Open data. Agent of change.",
          "_link": "../module3/"
        },
        {
          "_type": "link",
          "_local": "true",
          "title": "Module 4",
          "description": "Why do we need to license?",
          "_link": "../module4/"
        },
        {
          "_type": "link",
          "_local": "true",
          "title": "Module 5",
          "description": "What makes quality open data?",
          "_link": "../module5/"
        },
        {
          "_type": "link",
          "_local": "true",
          "title": "Module 6",
          "description": "Measuring success for open data",
          "_link": "../module6/"
        },
        {
          "_type": "link",
          "_local": "true",
          "title": "Module 7",
          "description": "Why should we worry about sustainability?",
          "_link": "../module7/"
        },
        {
          "_type": "link",
          "_local": "true",
          "title": "Module 8",
          "description": "Getting to grips with platforms",
          "_link": "../module8/"
        },
        {
          "_type": "link",
          "_local": "true",
          "title": "Module 9",
          "description": "Choosing the right format for open data",
          "_link": "../module9/"
        },
        {
          "_type": "link",
          "_local": "true",
          "title": "Module 10",
          "description": "How useful is my data?",
          "_link": "../module10/"
        },
        {
          "_type": "link",
          "_local": "true",
          "title": "Module 11",
          "description": "How to clean your data",
          "_link": "../module11/"
        },
        {
          "_type": "link",
          "_local": "true",
          "title": "Module 12",
          "description": "Finding hidden data on the web",
          "_link": "../module12/"
        },
        {
          "_type": "link",
          "_local": "true",
          "title": "Module 13",
          "description": "Linking up the web of data",
          "_link": "../module13/"
        }
      ]
    },
    {
      "title": "Resources",
      "description": "View additional module resources",
      "_filterButtons": {
        "all": "All",
        "document": "PDF",
        "media": "Media",
        "link": "Link"
      },
      "_resourcesItems": []
    },
    {
      "title": "Credits and attribution",
      "description": "View attribution for licensed content",
      "_filterButtons": {
        "all": "All",
        "document": "PDF",
        "media": "Media",
        "link": "Link"
      },
      "_resourcesItems": [
        {
          "_type": "link",
          "title": "Paris' most affordable coffee shops",
          "description": "Take me to Paris' most affordable coffee shops ",
          "_link": "https://web.archive.org/web/20150515035949/http://www.paris.fr/accueil/paris-mag/ou-boire-un-cafe-pour-1-a-paris/rub_9683_actu_116311_port_23863"
        },
        {
          "_type": "link",
          "title": "Icelandic lamb Map",
          "description": "Take me to Icelandic lamb map",
          "_link": "http://weblog.linkingpaths.com/post/78767700473/icelandic-open-data-lambs-and-maps"
        },
        {
          "_type": "link",
          "title": "Finnish SME case study",
          "description": "Take me to Finnish SME case study",
          "_link": "https://web.archive.org/web/20140531085827/http://www.epsiplatform.eu/content/finnish-study-psi-pricing-geo-data"
        },
        {
          "_type": "link",
          "title": "MySociety ",
          "description": "Take me to mySociety ",
          "_link": "https://www.mysociety.org/"
        },
        {
          "_type": "link",
          "title": "Hungarian right to know portal",
          "description": "Take me to Hungarian right to know portal",
          "_link": "http://kimittud.atlatszo.hu/"
        },
        {
          "_type": "link",
          "title": "Fix my street Norway",
          "description": "Take me to Fix my street Norway",
          "_link": "http://www.fiksgatami.no"
        },
        {
          "_type": "link",
          "title": "London fire station analysis",
          "description": "Take me to London fire station analysis",
          "_link": "http://london-fire.labs.theodi.org/"
        },
        {
          "_type": "link",
          "title": "UK prescription savings case study",
          "description": "Take me to UK prescription savings case study",
          "_link": "https://theodi.org/news/prescription-savings-worth-millions-identified-odi-incubated-company"
        },
        {
          "_type": "link",
          "title": "Swiss budget savings case study",
          "description": "Take me to Swiss budget savings case study",
          "_link": "http://be-asp.budget.opendata.ch/"
        },
        {
          "_type": "link",
          "title": "France energy data",
          "description": "Take me to the France energy data",
          "_link": "https://www.quandl.com/collections/france/france-energy-data"
        },
        {
          "_type": "link",
          "title": "GoOV App",
          "description": "Take me to GoOV App",
          "_link": "http://www.go-ov.nl/"
        },
        {
          "_type": "link",
          "title": "OpenCorporates",
          "description": "Take me to OpenCorporates",
          "_link": "https://opencorporates.com/info/about"
        },
        {
          "_type": "link",
          "title": "Plantwise",
          "description": "Take me to Plantwise",
          "_link": "https://www.plantwise.org/css/error.html"
        },
        {
          "_type": "link",
          "title": "CIARD",
          "description": "Take me to CIARD",
          "_link": "http://ring.ciard.info/"
        },
        {
          "_type": "link",
          "title": "Haiti Open Street Map",
          "description": "Take me to the Haiti Open Street Map",
          "_link": "http://hotosm.org/projects/haiti-2"
        },
        {
          "_type": "link",
          "title": "Ebola open data jam",
          "description": "Take me to Ebola open data jam",
          "_link": "https://web.archive.org/web/20160123072141/http://www.eboladata.org/"
        },
        {
          "_type": "link",
          "title": "OpenGLAM",
          "description": "Take me to OpenGLAM",
          "_link": "http://openglam.org/"
        },
        {
          "_type": "link",
          "title": "ODI Data as Culture",
          "description": "Take me to ODI Data as Culture",
          "_link": "http://theodi.org/culture"
        }
      ]
    },
    {
      "title": "Open data",
      "description": "Download and use module content",
      "_filterButtons": {
        "all": "All",
        "document": "PDF",
        "media": "Media",
        "link": "Link"
      },
      "_resourcesItems": [
        {
          "_type": "link",
          "title": "<div align='center'><img class='download-image' src='adapt/css/assets/download.png'><p class='downloadp'>Download menu data</p></div>",
          "description": "",
          "_link": "course/en/components.json"
        },
        {
          "_type": "link",
          "title": "<div align='center'><img class='download-image' src='adapt/css/assets/download.png'><p class='downloadp'>Download sidebar data</p></div>",
          "description": "",
          "_link": "course/en/course.json"
        },
        {
          "_type": "link",
          "title": "<div align='center'><img class='download-image' src='adapt/css/assets/download.png'><p class='downloadp'>Download scorm object</p></div>",
          "description": "",
          "_link": "course/en/data/scorm.zip"
        },
        {
          "_type": "link",
          "title": "Open data certificate",
          "description": "<span class='open-data-certificate'><img alt='Badge' src='adapt/css/assets/badge.png'/><ul class='open-data-certificate-details'> <li> <span>Open: ODI eLearning Data</span> </li> <li> <span>Pilot Open Data Certificate (final)</span> </li> <li> <span>Active - self certified</span> </li> </ul> </span>",
          "_link": "https://certificates.theodi.org/datasets/25215/certificate"
        },
        {
          "_type": "link",
          "title": "Open licence",
          "description": "<div align='center'><img alt='Creative Commons Licence' style='border-width:0' src='https://i.creativecommons.org/l/by-sa/4.0/88x31.png' /></div><br /><span xmlns:dct='http://purl.org/dc/terms/' property='dct:title'>Learning open data</span> by <span xmlns:cc='http://creativecommons.org/ns# property='cc:attributionName'>European Commission</span> is licensed under a Creative Commons Attribution-ShareAlike 4.0 International License.",
          "_link": "http://creativecommons.org/licenses/by-sa/4.0/"
        },
        {
          "_type": "link",
          "title": "Content usage",
          "description": "The content, including text and structure is available for you to <em>use</em>, <em>reuse</em> and <em>share</em> (including for commercial purposes) subject to the conditions of the license above.",
          "_link": "http://www.shutterstock.com/pic-94664593.html"
        },
        {
          "_type": "link",
          "title": "Exclusions",
          "description": "This license does not cover: <ul><li>Logos and trade marks belonging to the European Commission or Open Data Institute</li><li>Third party content (such as images)</li></ul>",
          "_link": "http://www.itoworld.com/static/ted_video.html"
        },
        {
          "_type": "link",
          "title": "Non-endorsement",
          "description": "This licence does not grant you any right to use the Information in a way that suggests any official status or that the Information Provider and/or Licensor endorse you or your use of the Information.",
          "_link": "https://www.flickr.com/photos/ukodi/13400679614/in/album-72157642859056285/"
        },
        {
          "_type": "link",
          "title": "No warranty",
          "description": "The Information is licensed 'as is'. The European Commission is not liable for any errors or omissions in the Information and shall not be liable for any loss, injury or damage of any kind caused by its use. The Information Provider does not guarantee the continued supply of the Information.",
          "_link": "http://www.shutterstock.com/pic-189810137.html"
        },
        {
          "_type": "link",
          "title": "Open data institute logo",
          "description": "Source: The Open Data Institute<br/>Credit: The Open Data Institute<br/>Licence: All rights reserved",
          "_link": "http://theodi.org"
        },
        {
          "_type": "link",
          "title": "Your World - Delicate Beats",
          "description": "Source: Premium Beat<br/>Credit: leromin<br/>Licence: Premium Beat Standard License",
          "_link": "http://www.premiumbeat.com/royalty_free_music/songs/your-world"
        }
      ]
    },
    {
      "title": "About",
      "description": "Discover how this learning was created",
      "_filterButtons": {
        "all": "All",
        "document": "PDF",
        "media": "Media",
        "link": "Link"
      },
      "_resourcesItems": [
        {
          "_type": "link",
          "title": "ODI Training Team",
          "description": "<div align='center'><img alt='ODI' style='border-width:0' src='adapt/css/assets/odi-logo.png' /></div><br />Expert knowledge, content development and learning plans provided by the by <span xmlns:cc='http://creativecommons.org/ns# property='cc:attributionName'>Open Data Institute</span> training team.",
          "_link": "http://theodi.org/training_team"
        },
        {
          "_type": "link",
          "title": "European Data Portal",
          "description": "<div align='center'><img alt='EDP' style='border-width:0; max-height: 150px;' src='adapt/css/assets/edp.png' /></div><br />Funding for module development and implementation provided by the <span xmlns:cc='http://creativecommons.org/ns# property='cc:attributionName'>European Data Portal</span>.",
          "_link": "http://www.europeandataportal.eu/"
        },
        {
          "_type": "link",
          "title": "Sponge UK",
          "description": "<div align='center'><img alt='Sponge UK' style='border-width:0' src='adapt/css/assets/sponge.png' /></div><br />Learning solutions, content production and eLearning expertise provided by <span xmlns:cc='http://creativecommons.org/ns# property='cc:attributionName'>Sponge UK</span>.",
          "_link": "http://www.spongeuk.com"
        },
        {
          "_type": "link",
          "title": "Adapt learning",
          "description": "<div align='center'><img alt='Adapt learning' style='border-width:0' src='adapt/css/assets/adapt.png' /></div><br />Open source learning platform developed by <span xmlns:cc='http://creativecommons.org/ns# property='cc:attributionName'>Adapt learning</span>.",
          "_link": "https://community.adaptlearning.org/"
        }
      ]
    }
  ],
  "_id": "course",
  "_type": "course",
  "_buttons": {
    "submit": "Submit",
    "reset": "Reset",
    "showCorrectAnswer": "Model Answer",
    "hideCorrectAnswer": "My Answer"
  }
}